Appearance,Gender,Category,Trait,Mean_Appearance_Effect,Cohens_d,P_Value,CI_Low,CI_High,N
makeup,Female,Openness,"Is ingenious, a deep thinker",-0.005481941485777497,-3.2377328915958787,0.00193167145761418,-0.006966045868302524,-0.00399783710325247,5
hair,Female,Extraversion,has an assertive personality,-0.032218933105468764,-2.765999714566087,0.003472702388493738,-0.04242903540198261,-0.022008830808954917,5
hair,Female,Agreeableness,Is considerate and kind to almost everyone,-0.006486049201339483,-2.4143373969639734,0.005697430594451128,-0.008840845510933046,-0.00413125289174592,5
hair,Male,Agreeableness,has a forgiving nature,0.0062470506411045805,2.3969004842364465,0.005847759593498361,0.003962524706953166,0.008531576575255995,5
makeup,Male,Openness,"Is original, comes up with new ideas",-0.026465255022048932,-1.9029142264312726,0.013105236697509992,-0.038655935249293595,-0.014274574794804267,5
makeup,Female,Conscientiousness,Perseveres until the task is finished,-0.002279769768938423,-1.8415342135584514,0.014638726915914233,-0.0033649010113743546,-0.0011946385265024914,5
hair,Male,Agreeableness,Is considerate and kind to almost everyone,0.004336368199437857,1.7848097067754463,0.016251980775557884,0.0022067325857474773,0.006466003813128236,5
jewelry,Male,Agreeableness,starts quarrels with others,-0.0007613335736095909,-1.7120666542174263,0.018645258074346967,-0.0011511188071578948,-0.00037154834006128694,5
makeup,Female,Openness,Prefers work that is routine,0.0926798537373543,1.691226368155971,0.019407354544167178,0.044645199627537845,0.14071450784717074,5
hair,Male,Neuroticism,Worries a lot,0.001967769581824541,1.6479751398390174,0.02111139203363951,0.0009211360219379733,0.0030144031417111087,5
jewelry,Female,Conscientiousness,Tends to be lazy,-0.0009149864665232597,-1.5414684937008538,0.02613007513818527,-0.0014352831854193358,-0.0003946897476271836,5
jewelry,Male,Neuroticism,Can be tense,0.0012130357790738344,1.5280121285390142,0.026860499598714282,0.0005171821788888357,0.001908889379258833,5
hair,Female,Openness,"Is sophisticated in art, music, or literature",-0.0032808911753818377,-1.4377897868704594,0.0324344177001308,-0.00528106389790016,-0.001280718452863515,5
hair,Male,Extraversion,is talkative,-0.005198982451111079,-1.3999189057824926,0.035174605042651755,-0.008454248899464254,-0.001943716002757904,5
makeup,Male,Openness,Is inventive,0.0019859085674397647,1.380702061231979,0.036668833959338114,0.0007251545945128053,0.003246662540366724,5
hair,Male,Agreeableness,Can be cold and aloof,0.00314081823453307,1.3768657563608886,0.0369759883345249,0.0011413142497640307,0.00514032221930211,5
hair,Female,Openness,Has an active imagination,-0.0013454277999699117,-1.3761291514263199,0.037035309769024076,-0.0022024109272014997,-0.0004884446727383237,5
jewelry,Male,Extraversion,"is outgoing, sociable",-0.022243449464440353,-1.368711707403009,0.03763892954892358,-0.03648840915662377,-0.007998489772256935,5
hair,Female,Conscientiousness,Tends to be lazy,0.0005179354222491386,1.328709753455027,0.041100065069363194,0.00017625778109062835,0.0008596130634076489,5
hair,Female,Extraversion,generates a lot of enthusiasm,-0.0058590756729245165,-1.3264475561713995,0.041306678004583555,-0.009730850505013242,-0.0019873008408357916,5
hair,Male,Conscientiousness,Tends to be lazy,0.0010412772651761768,1.279921399237293,0.045837280975557226,0.0003281711588944776,0.001754383371457876,5
hair,Female,Neuroticism,Remains calm in tense situations,-0.013807262107729912,-1.24612519368776,0.04949264038245512,-0.0235194474567412,-0.004095076758718626,5
makeup,Female,Neuroticism,"Is relaxed, handles stress well",-0.011325210705399515,-1.2416960943667514,0.04999632832644051,-0.019319908373995342,-0.003330513036803689,5
hair,Female,Agreeableness,Likes to cooperate with others,0.00352484295144677,1.240811263402889,0.05009766398758613,0.0010348098873452132,0.006014876015548327,5
makeup,Female,Extraversion,"is outgoing, sociable",-0.03208042010664941,-1.2354167613239688,0.050720643994237806,-0.05484174966082399,-0.009319090552474828,5
makeup,Male,Conscientiousness,Does things efficiently,-0.005640829447656868,-1.2083834147535932,0.05398084697121574,-0.00973258124816468,-0.0015490776471490568,5
makeup,Male,Neuroticism,Can be tense,0.007053780928254127,1.205283967438784,0.05436988650435525,0.0019239428491050299,0.012183619007403224,5
hair,Male,Conscientiousness,Can be somewhat careless,0.0014032164937816563,1.2006549787843446,0.054956952868557105,0.0003787977316113112,0.0024276352559520014,5
makeup,Female,Conscientiousness,Does a thorough job,0.001046878704801202,1.190369518879314,0.05628775415447643,0.0002760007302611433,0.0018177566793412606,5
makeup,Male,Agreeableness,Can be cold and aloof,0.003449275135062634,1.163882640568293,0.05988907919509248,0.0008515708174152196,0.006046979452710049,5
makeup,Male,Extraversion,has an assertive personality,0.07985341250896454,1.1635943854020805,0.05992970381195792,0.01969963121590594,0.14000719380202314,5
hair,Male,Openness,Prefers work that is routine,0.022667280584573766,1.158961670858429,0.06058696465693348,0.005523704607524105,0.03981085656162343,5
hair,Male,Neuroticism,Can be tense,-0.00337955136783421,-1.156465995152189,0.060944462130914055,-0.005941068434876552,-0.000818034300791868,5
hair,Male,Agreeableness,is helpful and unselfish with others,0.004785638116300105,1.1522006247452727,0.06156107903674711,0.0011449555213902782,0.008426320711209932,5
jewelry,Female,Openness,"Values artistic, aesthetic experiences",0.035511060804128615,1.0927019590291727,0.0709512792271063,0.007024960875443787,0.06399716073281345,5
makeup,Male,Extraversion,generates a lot of enthusiasm,-0.011911959713324904,-1.0895815178902666,0.07148711775032078,-0.021494806779780974,-0.0023291126468688358,5
makeup,Female,Agreeableness,starts quarrels with others,-0.0028325910679996022,-1.075345318753142,0.07399079121296669,-0.005141501052038191,-0.0005236810839610129,5
hair,Female,Extraversion,"is outgoing, sociable",0.020700696110725413,1.0661472300243826,0.07566129104692661,0.0036815080909217493,0.037719884130529076,5
hair,Female,Openness,Is curious about many different things,-0.007547535747289653,-1.056928110257184,0.07737859187683943,-0.013806908271558622,-0.0012881632230206837,5
jewelry,Female,Agreeableness,has a forgiving nature,0.0031843797769397506,1.053763989520419,0.07797812023075526,0.0005355590072566069,0.005833200546622895,5
hair,Male,Neuroticism,Remains calm in tense situations,-0.006721838749945165,-1.0456187838857298,0.07954574144382073,-0.012356733163894774,-0.0010869443359955546,5
jewelry,Male,Openness,"Is sophisticated in art, music, or literature",0.015799179300665857,1.0371939841071993,0.08120469826801208,0.0024472013071960425,0.02915115729413567,5
hair,Male,Neuroticism,"Is relaxed, handles stress well",0.014204008877277371,1.0311432163059382,0.08242024215703363,0.002129679599891866,0.026278338154662878,5
hair,Male,Openness,"Is sophisticated in art, music, or literature",0.009920826926827431,1.0268152845042788,0.0833022525450037,0.001451934474037712,0.01838971937961715,5
jewelry,Female,Openness,"Is sophisticated in art, music, or literature",0.006500315526500345,1.0245080021751638,0.08377680142976827,0.000938838441163675,0.012061792611837013,5
makeup,Female,Extraversion,has an assertive personality,0.02473232783377171,1.0193837799311847,0.08484163290588756,0.0034657140148938517,0.04599894165264957,5
makeup,Male,Neuroticism,Gets nervous easily,0.007131332461722195,0.9924425237948878,0.09069602976937319,0.000832843270946548,0.013429821652497842,5
makeup,Male,Neuroticism,"Is emotionally stable, not easily upset",-0.021631137654185294,-0.9902358937384743,0.09119522826635619,-0.04077862388070427,-0.002483651427666312,5
makeup,Male,Agreeableness,starts quarrels with others,0.002882402460090817,0.9885809188098372,0.09157164291414495,0.00032668131989543967,0.0054381236002861945,5
hair,Female,Neuroticism,"Is relaxed, handles stress well",0.014231424778699875,0.9860240808676456,0.09215659796428587,0.001580218722973951,0.026882630834425797,5
jewelry,Male,Extraversion,generates a lot of enthusiasm,-0.007240717369131745,-0.9844017312483472,0.09252992345722506,-0.013688053254352465,-0.000793381483911026,5
makeup,Male,Extraversion,tends to be quiet,0.0028652793262153864,0.9803255405563559,0.09347538265615128,0.0003033466207101581,0.005427212031720615,5
jewelry,Female,Conscientiousness,Makes plans and follows through with them,0.000682270131073892,0.9800252084879816,0.09354546886288254,7.204487102629986e-05,0.001292495391121484,5
hair,Female,Conscientiousness,Does a thorough job,-0.0014194136019796133,-0.974050083460214,0.09495208793886402,-0.0026967307539356947,-0.00014209645002353165,5
hair,Female,Extraversion,"is sometimes shy, inhibited",0.005494181625545028,0.9716678381644727,0.09551945655298258,0.0005378968332919514,0.010450466417798104,5
makeup,Male,Conscientiousness,Does a thorough job,0.022886787459719928,0.9571426920337448,0.09906153622332083,0.00192736951169057,0.043846205407749285,5
hair,Male,Openness,Has an active imagination,0.0035537868039682507,0.9533824133355203,0.10000212550864528,0.0002864394793853798,0.0068211341285511215,5
makeup,Female,Conscientiousness,Is a reliable worker,-0.007203054614365098,-0.9435457515398793,0.10250982936486702,-0.01389457512297267,-0.000511534105757527,5
makeup,Female,Conscientiousness,Can be somewhat careless,-0.0015852904645726085,-0.9388496677599943,0.10373151902607851,-0.0030653659302422877,-0.0001052149989029293,5
makeup,Male,Agreeableness,is helpful and unselfish with others,-0.006923565221950412,-0.9335083826187498,0.10514066756691139,-0.013424602177061356,-0.0004225282668394682,5
hair,Male,Openness,"Is ingenious, a deep thinker",0.00869741830974817,0.9318276598652714,0.10558844406642318,0.0005160521542438672,0.016878784465252473,5
hair,Male,Openness,"Likes to reflect, play with ideas",0.008579139038920403,0.9301254077010228,0.10604410383046807,0.0004942648220869466,0.01666401325575386,5
jewelry,Female,Neuroticism,Worries a lot,-0.0010370793519541622,-0.9297221744566002,0.10615235924872926,-0.0020148339512907204,-5.932475261760401e-05,5
makeup,Male,Extraversion,is talkative,0.008350043185055256,0.9295430372555702,0.10620049106819747,0.0004761360457671074,0.016223950324343404,5
jewelry,Male,Neuroticism,"Is depressed, blue",-0.010753239085897804,-0.9282138665248434,0.10655837508651399,-0.020907827355995362,-0.000598650815800246,5
hair,Male,Openness,"Values artistic, aesthetic experiences",-0.04432868473231795,-0.915762532145791,0.10997626813935915,-0.08675868594178557,-0.0018986835228503307,5
jewelry,Female,Extraversion,"is outgoing, sociable",-0.039297751337289806,-0.8951395432236646,0.11590554716711403,-0.07777889995279,-0.0008166027217896069,5
hair,Female,Openness,Prefers work that is routine,0.07256790697574614,0.8936560541086553,0.11634538403578475,0.0013899915834057613,0.14374582236808653,5
hair,Female,Neuroticism,"Is depressed, blue",-0.0040301164845004695,-0.891110934210228,0.11710424333191043,-0.007994328700606144,-6.590426839479455e-05,5
hair,Female,Agreeableness,tends to find fault with others,-0.0010396862868219622,-0.889006944923379,0.11773566281824918,-0.0020647910023098475,-1.4581571334076893e-05,5
jewelry,Male,Agreeableness,has a forgiving nature,0.0029884182382375,0.8837151683357406,0.11934026724869828,2.4268505823599618e-05,0.0059525679706514,5
makeup,Female,Conscientiousness,Makes plans and follows through with them,0.0012052254751324654,0.8813281334944408,0.12007188194405316,6.549672817290388e-06,0.0024039012774476403,5
makeup,Male,Openness,"Is sophisticated in art, music, or literature",0.013131910376250746,0.8786696970602359,0.12089244530152234,3.184900552424645e-05,0.026231971746977244,5
hair,Female,Extraversion,is full of energy,-0.006296833604574202,-0.8703645524220476,0.12349556856522306,-0.012638334983405747,4.4667774257343106e-05,5
hair,Male,Openness,Is inventive,0.002103325782809407,0.8562139202377477,0.12807240286736163,-4.9928553128587936e-05,0.004256580118747402,5
hair,Female,Extraversion,is talkative,-0.005520441755652424,-0.8412562413071795,0.13311096309274337,-0.011272411620168673,0.00023152810886382328,5
hair,Male,Agreeableness,Is generally trusting,0.01348921526223421,0.8374415873519295,0.1344299580358299,-0.0006297617220179293,0.02760819224648635,5
makeup,Male,Conscientiousness,Perseveres until the task is finished,-0.001305788685567677,-0.831672280146243,0.13645166553353436,-0.0026820209771490078,7.044360601365365e-05,5
makeup,Female,Agreeableness,is helpful and unselfish with others,-0.00345453415066004,-0.8251391979879938,0.13878062028197757,-0.007124257633000817,0.00021518933168073687,5
jewelry,Male,Agreeableness,tends to find fault with others,-0.0009923059958964586,-0.8240766465590738,0.13916343006782983,-0.0020477837343609857,6.317174256806855e-05,5
jewelry,Female,Conscientiousness,Can be somewhat careless,0.0010390077135525645,0.815123259113602,0.14243449136587202,-7.828394199070783e-05,0.0021562993690958368,5
makeup,Male,Extraversion,is reserved,0.004901112895458937,0.8128588776234639,0.1432747662033548,-0.00038395562667098253,0.010186181417588857,5
jewelry,Female,Agreeableness,is helpful and unselfish with others,0.006818003579974174,0.8095965725660887,0.14449469950164684,-0.000563751527407467,0.014199758687355814,5
hair,Male,Conscientiousness,Does things efficiently,0.0035109341144561753,0.8080820772039883,0.14506481574898056,-0.0002974283351497649,0.007319296564062116,5
hair,Male,Conscientiousness,Tends to be disorganized,0.0015906000655377284,0.804866206954687,0.14628338789712753,-0.00014164116611485307,0.0033228412971903097,5
makeup,Male,Neuroticism,"Is relaxed, handles stress well",-0.015352311357855798,-0.8029708475609117,0.14700670474249125,-0.03211119403656848,0.0014065713208568816,5
jewelry,Female,Agreeableness,Is considerate and kind to almost everyone,0.006440996704623103,0.8004025413879475,0.147992933482768,-0.0006126822206967792,0.013494675629942984,5
makeup,Female,Extraversion,"is sometimes shy, inhibited",-0.015659183170646428,-0.7907732198750842,0.15175385215367898,-0.033016724988399415,0.0016983586471065563,5
makeup,Male,Conscientiousness,Is a reliable worker,-0.013030952215194699,-0.785549845475348,0.15383637146851986,-0.027571255789770807,0.001509351359381409,5
jewelry,Male,Openness,"Is ingenious, a deep thinker",-0.006215571984648704,-0.7805943374099936,0.15584016094568423,-0.013195111545428023,0.0007639675761306145,5
hair,Male,Neuroticism,Can be moody,-0.002282356424257161,-0.7777882806163083,0.15698706249251487,-0.004854487764312246,0.00028977491579792406,5
makeup,Female,Neuroticism,"Is emotionally stable, not easily upset",-0.028908442333340657,-0.7709542113794621,0.15981785071576884,-0.06177598045808291,0.003959095791401603,5
makeup,Male,Conscientiousness,Is easily distracted,0.0019068566383793953,0.7708064503000019,0.1598796487425869,-0.00026156519763480724,0.004075278474393598,5
makeup,Male,Openness,Has an active imagination,0.00640077437274158,0.770751882641387,0.15990247692463466,-0.0008785151573201169,0.013680063902803278,5
hair,Male,Extraversion,is reserved,0.0004480429692193864,0.7692013272258945,0.160552587261865,-6.25216439936387e-05,0.0009586075824324115,5
jewelry,Male,Neuroticism,"Is emotionally stable, not easily upset",-0.018292846530675883,-0.7679844410163834,0.1610647528727097,-0.039171377519985895,0.0025856844586341285,5
jewelry,Female,Agreeableness,Is sometimes rude to others,0.007284680195152759,0.764055370360899,0.16273023139993847,-0.001072441514994321,0.01564180190529984,5
makeup,Female,Conscientiousness,Tends to be disorganized,0.0013460882939398291,0.745972161763125,0.1706324733054352,-0.00023560398981244883,0.0029277805776921073,5
jewelry,Male,Neuroticism,"Is relaxed, handles stress well",-0.009111706539988518,-0.7439928774846636,0.1715215362226218,-0.01984670571237855,0.0016232926324015132,5
jewelry,Female,Extraversion,is reserved,0.0009078678209334612,0.7356493119017026,0.1753229255695363,-0.00017387210419750668,0.001989607746064429,5
jewelry,Female,Agreeableness,Is generally trusting,0.027592552453279497,0.7275459978912033,0.17909906101038015,-0.005650622094778797,0.06083572700133779,5
makeup,Male,Openness,"Values artistic, aesthetic experiences",-0.03606999181210996,-0.7235759331450461,0.1809799049475697,-0.07976511816789458,0.007625134543674673,5
makeup,Male,Conscientiousness,Tends to be disorganized,0.0009156320447800681,0.722765862294719,0.1813661956735769,-0.00019480622536451053,0.0020260703149246467,5
jewelry,Male,Extraversion,"is sometimes shy, inhibited",-0.0059742083773016924,-0.707490653254184,0.1888125091718931,-0.013375895600905996,0.0014274788463026107,5
makeup,Female,Agreeableness,tends to find fault with others,-0.0028899381402879946,-0.7047490012064639,0.19018210240132508,-0.00648432772237351,0.00070445144179752,5
hair,Female,Agreeableness,has a forgiving nature,-0.0021543138194829213,-0.7028789339769587,0.19112216679082197,-0.0048408921612837635,0.0005322645223179204,5
hair,Male,Neuroticism,"Is emotionally stable, not easily upset",-0.012437593564391137,-0.6969704278482612,0.19412386798299294,-0.028079622266760355,0.0032044351379780806,5
jewelry,Male,Openness,Is inventive,-0.0002877554041333498,-0.6899572506068005,0.19774972220578238,-0.0006533269412625385,7.781613299583887e-05,5
makeup,Female,Openness,"Values artistic, aesthetic experiences",0.03094654381275177,0.688314716401435,0.19860891080096993,-0.008462524455234093,0.07035561208073762,5
hair,Male,Extraversion,"is sometimes shy, inhibited",-0.004762729164212943,-0.6795057424908559,0.20328233991798256,-0.01090648324520179,0.0013810249167759032,5
makeup,Male,Agreeableness,has a forgiving nature,0.002885667188093066,0.6678842520841544,0.20961988560296807,-0.0009015142065415607,0.006672848582727693,5
hair,Male,Agreeableness,starts quarrels with others,-0.0025725530693307525,-0.6534022711416516,0.21779852014044981,-0.0060236310450007685,0.0008785249063392639,5
makeup,Female,Neuroticism,Worries a lot,-0.0016561136115342378,-0.6503285379162347,0.2195754142516862,-0.0038882893504027776,0.0005760621273343018,5
makeup,Male,Agreeableness,Is generally trusting,-0.009933988749980933,-0.6345358173497805,0.22893708486667172,-0.02365665786009814,0.003788680360136274,5
jewelry,Male,Neuroticism,Gets nervous easily,0.00272371512837708,0.6344516043984492,0.22898806055876492,-0.0010392851657032806,0.006486715422457441,5
makeup,Female,Conscientiousness,Tends to be lazy,-0.0006499414332211022,-0.6338349922804855,0.2293616527269348,-0.0015487538868726007,0.0002488710204303962,5
makeup,Female,Openness,Is curious about many different things,0.00830797217786312,0.6215753779510954,0.23691674189132383,-0.00340783728292522,0.020023781638651462,5
makeup,Male,Agreeableness,Is considerate and kind to almost everyone,0.0023923174478113667,0.6170394464097536,0.23977420634078372,-0.0010061017481260248,0.005790736643748759,5
jewelry,Male,Conscientiousness,Makes plans and follows through with them,0.0029751490103080876,0.6151118935319616,0.24099878788838638,-0.0012644586384401588,0.007214756659056334,5
makeup,Female,Agreeableness,has a forgiving nature,-0.0020335234701633455,-0.6136542435431342,0.24192893842167798,-0.0049381915797717165,0.000871144639445025,5
hair,Male,Extraversion,generates a lot of enthusiasm,0.008398378104902803,0.6124785471583191,0.24268175012939902,-0.003620823247914658,0.020417579457720263,5
hair,Male,Conscientiousness,Does a thorough job,0.0020563595462590447,0.6058802291297396,0.24694974668907538,-0.0009186155860082929,0.005031334678526383,5
hair,Male,Neuroticism,"Is depressed, blue",-0.01752143879421055,-0.6005930116450784,0.25042284459068176,-0.043093195307419875,0.008050317718998778,5
jewelry,Female,Conscientiousness,Does things efficiently,0.0021360926330089578,0.5979868472134572,0.25215236641878463,-0.0009950259785686307,0.005267211244586546,5
makeup,Male,Extraversion,is full of energy,-0.010429962351918221,-0.591242196872325,0.2566826797167372,-0.025892771228636608,0.005032846524800166,5
jewelry,Male,Conscientiousness,Tends to be disorganized,0.00022136469196993889,0.5909733714367048,0.25686488277789377,-0.00010696601971849992,0.0005496954036583777,5
hair,Male,Agreeableness,Is sometimes rude to others,-0.0016228531487286091,-0.5827008470471279,0.26253369044379804,-0.004064060349244649,0.0008183540517874312,5
hair,Male,Conscientiousness,Is easily distracted,0.0015570654533803466,0.5797508735431074,0.26458439381715526,-0.000797097529998258,0.003911228436758951,5
hair,Female,Openness,"Values artistic, aesthetic experiences",-0.0372171312570572,-0.574063142081996,0.2685820841652473,-0.09404407500694659,0.019609812492832175,5
hair,Female,Agreeableness,starts quarrels with others,-0.002899064728990197,-0.5677522601809489,0.2730859006938486,-0.007374858933360587,0.0015767294753801933,5
jewelry,Male,Extraversion,is full of energy,0.013947824295610195,0.5670587312222819,0.27358524843075466,-0.0076122123743567836,0.035507860965577176,5
makeup,Female,Agreeableness,Is generally trusting,-0.0149805448949337,-0.56158013660747,0.2775607793948453,-0.03836282945283902,0.008401739662971615,5
hair,Male,Extraversion,tends to be quiet,0.000584298581816256,0.546454532663176,0.2888248677993476,-0.00035294369149479945,0.0015215408551273115,5
jewelry,Male,Conscientiousness,Tends to be lazy,-0.0004183944780379534,-0.5391775529698496,0.29439722310458005,-0.001098576595685279,0.0002617876396093723,5
hair,Female,Neuroticism,Gets nervous easily,-0.0011233637575060137,-0.5334801839401193,0.29883051486984724,-0.002969115067372464,0.0007223875523604368,5
jewelry,Female,Conscientiousness,Does a thorough job,-0.0004568559583276511,-0.5240579677715157,0.30629975527435355,-0.001220992615521264,0.0003072806988659617,5
jewelry,Female,Neuroticism,"Is emotionally stable, not easily upset",-0.01352173313498497,-0.5230211687441724,0.3071322097312737,-0.036182998831221,0.00913953256125106,5
hair,Female,Openness,"Likes to reflect, play with ideas",-0.002431411761790516,-0.5225757616606097,0.30749047696955684,-0.006509722569097607,0.0016468990455165747,5
hair,Female,Openness,"Is original, comes up with new ideas",0.009477058425545689,0.5196990769041654,0.3098137394681924,-0.006507206970993974,0.025461323822085352,5
jewelry,Female,Openness,Prefers work that is routine,-0.06741274595260621,-0.5151166601216289,0.3135482438233774,-0.18212438646920037,0.04729889456398795,5
makeup,Male,Agreeableness,Likes to cooperate with others,-0.0013491195160895593,-0.5084092106261059,0.31908966354080553,-0.0036751108057848235,0.000976871773605705,5
hair,Male,Conscientiousness,Makes plans and follows through with them,-0.0014246743172407147,-0.5056470473656801,0.32139775991936903,-0.0038943458108488616,0.0010449971763674324,5
jewelry,Female,Extraversion,has an assertive personality,0.010631193965673438,0.5029937302682594,0.32362932763593943,-0.007895184825586689,0.029157572756933564,5
hair,Female,Agreeableness,Is sometimes rude to others,-0.0015391697175800815,-0.5029001698165919,0.32370827513213,-0.004221892498365726,0.0011435530632055628,5
jewelry,Male,Openness,Is curious about many different things,-0.0042623311281204225,-0.5007715258403594,0.3255092229427702,-0.011723014829346987,0.0031983525731061413,5
jewelry,Female,Conscientiousness,Perseveres until the task is finished,0.001289624162018299,0.4971241859214251,0.32861637378236136,-0.0009842652409903993,0.0035635135650269973,5
hair,Female,Agreeableness,Is generally trusting,0.011110206693410873,0.49178353172929296,0.33321483096419857,-0.00869225702611908,0.030912670412940824,5
jewelry,Male,Conscientiousness,Perseveres until the task is finished,0.0006725986022502183,0.4901599892099805,0.3346242906584881,-0.0005301896340187924,0.001875386838519229,5
jewelry,Male,Openness,Prefers work that is routine,0.016081948578357718,0.48908273747317754,0.33556247465706607,-0.012740269772098283,0.044904166928813716,5
jewelry,Male,Conscientiousness,Does a thorough job,0.002352104417514056,0.4834955633976615,0.3404666472393441,-0.0019120720925359025,0.006616280927564015,5
hair,Male,Agreeableness,Likes to cooperate with others,0.0010194543516263358,0.48224842991765393,0.3415701150099618,-0.0008335141243701809,0.0028724228276228525,5
makeup,Male,Extraversion,"is sometimes shy, inhibited",-0.009548378735780714,-0.4819957900522056,0.3417940434445443,-0.02691268596119487,0.007815928489633441,5
makeup,Female,Extraversion,generates a lot of enthusiasm,-0.0034205513074994074,-0.47451569235640395,0.34848409176725037,-0.00973908926942855,0.0028979866544297348,5
jewelry,Male,Extraversion,tends to be quiet,-0.0003277188166975974,-0.4688925871024444,0.3535901472089281,-0.0009403499739070731,0.00028491234051187826,5
makeup,Female,Extraversion,tends to be quiet,-0.000475085224024952,-0.46540901289876435,0.3567867027578033,-0.0013698477834526127,0.00041967733540270867,5
jewelry,Female,Conscientiousness,Tends to be disorganized,0.0014732796349562704,0.46472155016977434,0.35742054453024463,-0.001305559731693536,0.004252119001606077,5
makeup,Male,Openness,"Is ingenious, a deep thinker",-0.005646373610943554,-0.4562390535462917,0.36532371724775903,-0.01649433730002016,0.005201590078133051,5
hair,Female,Neuroticism,Can be tense,-0.001277114171534776,-0.42964226928376525,0.39110248898377004,-0.003882630453900463,0.0013284021108309113,5
jewelry,Male,Extraversion,is reserved,-0.00025546457618474966,-0.42701659654084195,0.3937304174140132,-0.0007798577164639102,0.00026892856409441087,5
makeup,Female,Openness,"Is original, comes up with new ideas",-0.011277566105127335,-0.41999038181898635,0.40083671428822965,-0.03481434924396332,0.012259217033708652,5
makeup,Male,Neuroticism,"Is depressed, blue",-0.00387922516092658,-0.40557091520009875,0.41575989776231503,-0.012263186256823365,0.0045047359349702065,5
makeup,Male,Neuroticism,Worries a lot,-0.0009178151376545432,-0.4026307487013228,0.41885904526108386,-0.002915924923645461,0.0010802946483363745,5
jewelry,Male,Openness,"Is original, comes up with new ideas",0.012456054985523232,0.40217875729448804,0.41933717219513017,-0.014691608555081273,0.039603718526127735,5
hair,Male,Openness,"Is original, comes up with new ideas",-0.022317017614841457,-0.4016074394085844,0.41994217228796277,-0.0710255984568959,0.026391563227212998,5
jewelry,Female,Neuroticism,Can be tense,-0.0008798773866146803,-0.3829059793258157,0.44014598684932726,-0.0028940703629306164,0.001134315589701256,5
jewelry,Female,Neuroticism,Remains calm in tense situations,-0.0015584688633680371,-0.377373425338372,0.4462721008825873,-0.005178379798918855,0.0020614420721827807,5
jewelry,Male,Agreeableness,Likes to cooperate with others,0.0023169621126726265,0.3754879881204412,0.44837540374137685,-0.0030917510820561377,0.00772567530740139,5
jewelry,Male,Conscientiousness,Can be somewhat careless,0.00022571511799469594,0.37526645360327104,0.448623057353467,-0.0003015050006047931,0.000752935236594185,5
makeup,Male,Conscientiousness,Can be somewhat careless,-0.0002576814265921712,-0.3697336089781857,0.4548437347448059,-0.0008685745766433995,0.0003532117234590571,5
makeup,Female,Openness,Is inventive,-0.0005471779149957004,-0.3647272330729437,0.46053135220499747,-0.001862195127546804,0.0007678392975554031,5
jewelry,Male,Agreeableness,Is generally trusting,0.0034353678114712226,0.35301657776276624,0.4740539250140937,-0.005094635717303632,0.011965371340246077,5
makeup,Female,Extraversion,is talkative,-0.0002817663364112365,-0.34455909531418877,0.48401011681821066,-0.0009985637935021226,0.0004350311206796496,5
hair,Female,Conscientiousness,Tends to be disorganized,0.00038220437709242123,0.34323301944096435,0.48558562297396923,-0.0005938582062466986,0.001358266960431541,5
makeup,Female,Neuroticism,Remains calm in tense situations,-0.0015094466507434867,-0.33346359663851644,0.4973130824900824,-0.0054771610836541855,0.0024582677821672117,5
makeup,Male,Conscientiousness,Tends to be lazy,-0.00032535595819354067,-0.3279328241414875,0.5040461872082715,-0.001195006845363796,0.0005442949289767146,5
hair,Female,Conscientiousness,Makes plans and follows through with them,-0.0002836742438375952,-0.32456246842589953,0.5081823924265569,-0.0010497869713477419,0.0004824384836725514,5
makeup,Female,Agreeableness,Can be cold and aloof,-0.0009451169520616539,-0.31363870380321296,0.5217603722525324,-0.0035864731512210337,0.0016962392470977257,5
makeup,Female,Neuroticism,Can be tense,-0.0001914544962346554,-0.31243303694639096,0.5232750422025811,-0.0007285848418799928,0.00034567584941068197,5
jewelry,Female,Neuroticism,"Is relaxed, handles stress well",0.0031876312568783747,0.30950914451235956,0.5269615132968277,-0.005839830577939936,0.012215093091696685,5
jewelry,Male,Agreeableness,Can be cold and aloof,-0.00027856703381985405,-0.3040338233551,0.5339150248085425,-0.0010816841616408278,0.0005245500940011195,5
jewelry,Male,Neuroticism,Remains calm in tense situations,-0.001994857750833037,-0.3016274709477102,0.5369916570560669,-0.007791975330135663,0.00380225982846959,5
jewelry,Female,Neuroticism,"Is depressed, blue",-0.0003978630062192679,-0.29152150794971204,0.5500493546780989,-0.001594146270830162,0.000798420258391626,5
jewelry,Male,Openness,"Likes to reflect, play with ideas",0.0009372310712933544,0.2897849810541992,0.5523152166524046,-0.0018976958884748295,0.003772158031061538,5
jewelry,Male,Openness,"Values artistic, aesthetic experiences",0.01491079181432726,0.2878056362755493,0.5549057888708621,-0.030501401825961658,0.060322985454616174,5
makeup,Female,Openness,Has an active imagination,-0.00032788335811346787,-0.287768639357509,0.5549542903077487,-0.0013266107934422826,0.0006708440772153468,5
makeup,Male,Openness,"Likes to reflect, play with ideas",0.0037846576422452933,0.2861901592884232,0.5570263353522433,-0.007806931313926825,0.015376246598417413,5
hair,Female,Conscientiousness,Is easily distracted,-0.0008598529733717462,-0.2848813710953315,0.5587483901562255,-0.0035054958216739858,0.0017857898749304932,5
makeup,Female,Conscientiousness,Does things efficiently,-0.0016994108445942437,-0.28357065722149744,0.5604766339174003,-0.006952420085109531,0.003553598395921044,5
jewelry,Female,Openness,"Likes to reflect, play with ideas",0.0014572990126907844,0.2796166029201432,0.5657123585110725,-0.0031110237971154033,0.0060256218224969725,5
jewelry,Female,Extraversion,is full of energy,0.00106139061972499,0.2791511242363394,0.5663308963848207,-0.0022713915801974042,0.004394172819647385,5
makeup,Female,Extraversion,is full of energy,-0.002876271028071644,-0.27639956518903136,0.5699965699246232,-0.011997713437521424,0.006245171381378136,5
jewelry,Female,Agreeableness,Likes to cooperate with others,0.0011463781818747548,0.27610933722519143,0.5703841469141261,-0.0024929220706825564,0.0047856784344320665,5
makeup,Male,Agreeableness,tends to find fault with others,-0.0006023337598890066,-0.2744572601014846,0.5725937423937594,-0.002526016955038149,0.001321349435260136,5
jewelry,Female,Agreeableness,starts quarrels with others,0.0007638059090822935,0.274174765898683,0.5729721426052087,-0.0016780869327353443,0.0032056987508999315,5
jewelry,Female,Openness,Is curious about many different things,0.0023033458739519113,0.27072695918075695,0.5776039451456182,-0.005154247867176918,0.00976093961508074,5
makeup,Male,Openness,Is curious about many different things,-0.0025031980127096184,-0.2662919117210576,0.583598490757074,-0.01074283918507212,0.005736443159652884,5
makeup,Female,Neuroticism,"Is depressed, blue",-0.0013834212440997366,-0.26408776781343934,0.5865928679101191,-0.005975160557977309,0.003208318069777836,5
jewelry,Female,Conscientiousness,Is easily distracted,-0.0012943269219249473,-0.2559527326958683,0.5977310802188469,-0.005726893658771332,0.0031382398149214378,5
jewelry,Female,Extraversion,generates a lot of enthusiasm,-0.0006771867163479333,-0.2549763865339178,0.5990769584058664,-0.003005168284777871,0.001650794852082004,5
hair,Male,Extraversion,"is outgoing, sociable",0.0025530982762575123,0.25274748006672554,0.6021567285557297,-0.006301151461850002,0.011407348014365026,5
hair,Male,Neuroticism,Gets nervous easily,-0.001836749468930068,-0.2500981547145627,0.605830487822895,-0.008274149603056878,0.004600650665196743,5
hair,Female,Extraversion,tends to be quiet,0.0002471500774845483,0.24539772210932545,0.6123832159464049,-0.0006356478258806895,0.001129947980849786,5
jewelry,Male,Conscientiousness,Is easily distracted,0.0002865310758352279,0.23849977294477018,0.6220791194014992,-0.0007665330780068705,0.0013395952296773263,5
hair,Female,Conscientiousness,Does things efficiently,0.0007418231107294539,0.2365303741130172,0.6248645737204532,-0.002007238731175478,0.0034908849526343855,5
jewelry,Male,Neuroticism,Can be moody,-0.0014683940680697571,-0.23163297211520328,0.6318241313125709,-0.007025047502161756,0.004088259366022242,5
jewelry,Male,Agreeableness,Is considerate and kind to almost everyone,-0.0004262979142367836,-0.23130101139586623,0.632297556329141,-0.0020417971063315782,0.001189201277858011,5
jewelry,Female,Neuroticism,Gets nervous easily,-0.00042644187342375526,-0.22084085905562548,0.6473234645617567,-0.002119030755889463,0.0012661470090419528,5
makeup,Male,Openness,Prefers work that is routine,0.018000631034374246,0.21989562700781695,0.6486915097949812,-0.05375272299978465,0.08975398506853313,5
makeup,Male,Neuroticism,Remains calm in tense situations,-0.0018644900992512716,-0.21953541943933905,0.6492132838768504,-0.009308836134400469,0.005579855935897925,5
hair,Female,Openness,"Is ingenious, a deep thinker",-0.0022967371856793773,-0.2195346051289652,0.6492144637114682,-0.011466949346448173,0.006873474975089419,5
jewelry,Female,Extraversion,is talkative,0.0013373392634093764,0.2183450467121061,0.6509393122410939,-0.004031363010451036,0.00670604153726979,5
makeup,Female,Extraversion,is reserved,-0.0006264249794185161,-0.21121980153718625,0.6613259035550738,-0.003226018862298595,0.0019731689034615633,5
jewelry,Female,Openness,Is inventive,-0.00018503221217542912,-0.20863766010139614,0.6651129841855541,-0.0009623985077240667,0.0005923340833732084,5
jewelry,Female,Agreeableness,Can be cold and aloof,0.0009389206767082232,0.20138960597287986,0.6758077016519286,-0.0031476867516905794,0.005025528105107026,5
jewelry,Male,Extraversion,is talkative,0.001511639449745417,0.2002074095898715,0.677560972277097,-0.00510654916284365,0.008129828062334483,5
makeup,Female,Conscientiousness,Is easily distracted,-0.0006492156069725773,-0.1980436260636368,0.6807763923442793,-0.003522635878933144,0.0022242046649879896,5
jewelry,Female,Extraversion,"is sometimes shy, inhibited",0.0008316584862768647,0.19064538807521314,0.6918320287999126,-0.0029920941459621302,0.004655411118515859,5
jewelry,Female,Conscientiousness,Is a reliable worker,0.0037783689796924585,0.18698638178524984,0.6973346606772862,-0.013933543526373512,0.02149028148575843,5
hair,Male,Conscientiousness,Is a reliable worker,-0.003850606828927995,-0.17933745210488722,0.7089101785678478,-0.022671024209879053,0.014969810552023063,5
hair,Female,Agreeableness,is helpful and unselfish with others,-0.0007626723498105996,-0.17657027879807774,0.7131216373401283,-0.004548767010220625,0.0030234223105994264,5
makeup,Female,Neuroticism,Gets nervous easily,-0.0002773926127701999,-0.16599147319396032,0.7293349179396135,-0.0017421988516495874,0.0011874136261091877,5
makeup,Male,Agreeableness,Is sometimes rude to others,0.001499288436025379,0.16514563240697955,0.730638847158625,-0.00645844098310662,0.009457017855157377,5
makeup,Male,Extraversion,"is outgoing, sociable",-0.007149291224777692,-0.16450471016356147,0.7316276121941284,-0.045243216026269364,0.03094463357671398,5
jewelry,Female,Openness,Has an active imagination,-0.0002339781494811175,-0.16255479155723343,0.7346396638714268,-0.0014956505286901267,0.0010276942297278917,5
makeup,Female,Neuroticism,Can be moody,0.0004924833308905351,0.16192182621946358,0.7356186550954551,-0.0021734986599027464,0.003158465321683817,5
hair,Male,Conscientiousness,Perseveres until the task is finished,-0.00011062216944992542,-0.16107062218021984,0.7369361478134451,-0.0007126227419022549,0.000491378403002404,5
jewelry,Male,Openness,Has an active imagination,0.000356981623917818,0.16029387659669017,0.7381393485237855,-0.0015951091005726229,0.002309072348408259,5
jewelry,Female,Agreeableness,tends to find fault with others,0.00026329550892114517,0.15379718969347647,0.748238103628731,-0.001237308563612683,0.0017638995814549733,5
jewelry,Male,Extraversion,has an assertive personality,-0.003464096039533618,-0.14904860947076082,0.7556585022858058,-0.023836067753833762,0.016907875674766523,5
jewelry,Male,Agreeableness,Is sometimes rude to others,0.00047770002856850554,0.14719255725505093,0.7585676194398034,-0.0023670262579222963,0.003322426315059307,5
hair,Female,Openness,Is inventive,-0.00031827932689338886,-0.1459336888318174,0.7605434875614422,-0.0022299978125542535,0.001593439158767476,5
jewelry,Male,Conscientiousness,Does things efficiently,-0.0002685416489839578,-0.1430366043869753,0.7650990057726776,-0.0019141842781604697,0.0013771009801925543,5
hair,Male,Openness,Is curious about many different things,0.0009529612958431233,0.1320974772512154,0.7824024639366081,-0.005370455490418531,0.007276378082104777,5
hair,Female,Neuroticism,"Is emotionally stable, not easily upset",0.0029349364340305315,0.12131739396044378,0.799604662828734,-0.018270474657168634,0.0241403475252297,5
hair,Female,Conscientiousness,Perseveres until the task is finished,-0.0002977321390062558,-0.11225632032880943,0.8141714311757433,-0.0026225342132423415,0.0020270699352298296,5
makeup,Female,Openness,"Likes to reflect, play with ideas",-0.0008022852241992978,-0.11076492964834488,0.8165779617494925,-0.00715117207227213,0.005546601623873534,5
hair,Female,Agreeableness,Can be cold and aloof,0.000553316529840232,0.10817742578791609,0.8207589887609946,-0.003930089494992543,0.005036722554673008,5
jewelry,Male,Neuroticism,Worries a lot,-0.00012356014922261204,-0.10381960766600615,0.8278168124372507,-0.0011667662302295978,0.0009196459317843737,5
jewelry,Female,Extraversion,tends to be quiet,0.0001799935009330505,0.09342083669618381,0.8447366830444304,-0.0015088295217307807,0.0018688165235968817,5
jewelry,Female,Openness,"Is ingenious, a deep thinker",0.00034632068127393706,0.07417328993863709,0.876315383171343,-0.003746304328421866,0.00443894569096974,5
hair,Female,Conscientiousness,Can be somewhat careless,-4.386811051517729e-05,-0.06861729563242921,0.8854862165006412,-0.0006042529798241299,0.0005165167587937754,5
makeup,Female,Agreeableness,Is sometimes rude to others,0.0001953539438545676,0.06368999900348915,0.893637559011286,-0.002493220154853825,0.00288392804256296,5
makeup,Female,Agreeableness,Is considerate and kind to almost everyone,-0.0001689253374934207,-0.057244771651215144,0.9043239007025891,-0.002755529887216537,0.0024176792122296955,5
hair,Male,Extraversion,has an assertive personality,0.0015446342527866293,0.0565866927028673,0.9054164390146824,-0.022382044506029573,0.02547131301160283,5
jewelry,Female,Neuroticism,Can be moody,-0.00044570050667971266,-0.056138892738744214,0.9061600185445597,-0.007404756877644007,0.0065133558642845825,5
jewelry,Male,Conscientiousness,Is a reliable worker,-0.0008262701332569136,-0.04824261017382343,0.9192902264673258,-0.015839091831763793,0.014186551565249967,5
makeup,Female,Agreeableness,Likes to cooperate with others,-0.00031224340200424405,-0.041141042930650566,0.9311257507424577,-0.0069648071118014595,0.006340320307792971,5
hair,Male,Agreeableness,tends to find fault with others,6.30758237093688e-05,0.03920404655689316,0.9343578643326227,-0.001347196891474106,0.0014733485388928437,5
jewelry,Male,Agreeableness,is helpful and unselfish with others,9.736237116157948e-05,0.03418036463027356,0.9427474388720832,-0.002399447771952358,0.0025941725142755168,5
makeup,Male,Conscientiousness,Makes plans and follows through with them,-3.1009025406092405e-05,-0.03402454048084971,0.9430078165896796,-0.0008298621119047094,0.0007678440610925245,5
makeup,Female,Openness,"Is sophisticated in art, music, or literature",-0.00016061409842222808,-0.03359361465278948,0.9437279261194783,-0.004351424346266508,0.004030196149422053,5
jewelry,Female,Openness,"Is original, comes up with new ideas",-0.00034705922007560524,-0.03303427008576203,0.9446627299545833,-0.009556005519376616,0.008861887079225405,5
makeup,Male,Neuroticism,Can be moody,0.0004929261747747677,0.031622161145960774,0.9470231906514591,-0.01317055622929983,0.014156408578849365,5
hair,Female,Neuroticism,Can be moody,-0.00011991923674941168,-0.031451363064316507,0.9473087394202222,-0.0034620270282694444,0.003222188554770621,5
hair,Female,Neuroticism,Worries a lot,-5.385931581258774e-06,-0.004937527679451007,0.9917197246269992,-0.0009615278488585863,0.0009507559856960688,5
hair,Male,Extraversion,is full of energy,-4.774862900376563e-05,-0.003517334810804302,0.9941013262142787,-0.011946962358414396,0.011851465100406864,5
hair,Female,Extraversion,is reserved,1.8479535356162243e-06,0.00094546852271494,0.9984144025609071,-0.0017113795662014564,0.001715075473272689,5
hair,Female,Conscientiousness,Is a reliable worker,-4.11570072174107e-06,-0.000563156914163427,0.9990555574554547,-0.006410093594452115,0.006401862193008633,5
