Condition,Category,Trait,Female_Mean,Male_Mean,Gender_Gap_Female_Minus_Male,Cohens_d,P_Value,CI_Low,CI_High,N_Female,N_Male
short_hair,Openness,"Is original, comes up with new ideas",0.046086109802126886,0.11610296368598938,-0.0700168538838625,-2.9454893801369675,0.003263685767615842,-0.09948353329924411,-0.04055017446848089,5,5
long_hair,Extraversion,"is outgoing, sociable",0.12238054871559143,0.05190073326230049,0.07047981545329093,2.55785689345641,0.004948057324068408,0.03632321950900894,0.10463641139757293,5,5
short_hair,Conscientiousness,Is a reliable worker,0.019685316644608975,0.05006351619958878,-0.030378199554979803,-2.3880316229275955,0.010704588350916668,-0.04614734010886551,-0.014609059001094094,5,5
have_jewerly,Agreeableness,Can be cold and aloof,0.010044129099696875,0.0033535097958520056,0.0066906193038448695,2.4077380668329154,0.013312588700597578,0.0032459848024900327,0.010135253805199706,5,5
short_hair,Neuroticism,"Is relaxed, handles stress well",0.025895826518535614,0.04919213727116585,-0.023296310752630237,-1.8858233740278296,0.0215215087949903,-0.038609731084680896,-0.00798289042057958,5,5
short_hair,Extraversion,"is outgoing, sociable",0.10167985260486603,0.04934763498604298,0.052332217618823056,1.8666448460917562,0.022900146035559676,0.017579120805795843,0.08708531443185027,5,5
long_hair,Neuroticism,Worries a lot,0.00309810689650476,0.005961276916787028,-0.002863170020282268,-1.8959038864737463,0.02309739964276503,-0.004735217624353105,-0.000991122416211431,5,5
long_hair,Openness,"Is ingenious, a deep thinker",0.010920895193703473,0.029540769197046755,-0.018619874003343282,-1.7784037933407837,0.024173058410117406,-0.03159861090889297,-0.005641137097793595,5,5
long_hair,Conscientiousness,Is a reliable worker,0.019681200943887235,0.04621290937066078,-0.026531708426773548,-1.7646827921486512,0.03553314543912339,-0.04516907864039531,-0.007894338213151785,5,5
no_jewerly,Neuroticism,"Is relaxed, handles stress well",0.026531587168574334,0.05463704615831375,-0.02810545898973942,-1.6784840213083505,0.03828797891987621,-0.04886221775168416,-0.007348700227794675,5,5
no_makeup,Agreeableness,Can be cold and aloof,0.01359373526647687,0.0036516325315460564,0.009942102734930812,1.8141145052160395,0.041022832123665885,0.00314850828481069,0.016735697185050934,5,5
short_hair,Agreeableness,Can be cold and aloof,0.011251960415393114,0.003282199101522565,0.00796976131387055,1.8018498687187336,0.04440188508799527,0.002486830327151833,0.013452692300589267,5,5
no_makeup,Agreeableness,starts quarrels with others,0.007876897044479848,0.0036570193246006967,0.004219877719879151,1.5508862301813093,0.046335251552963745,0.0008469580854471811,0.007592797354311122,5,5
long_hair,Agreeableness,has a forgiving nature,0.006035277480259537,0.011713370680809021,-0.005678093200549484,-1.6089025230756464,0.04852471108987303,-0.010052899724242212,-0.0013032866768567545,5,5
no_jewerly,Agreeableness,Can be cold and aloof,0.009105208422988651,0.0036320768296718596,0.0054731315933167915,1.643699126729456,0.05044111998518388,0.0013455123088599802,0.009600750877773602,5,5
baseline,Agreeableness,Can be cold and aloof,0.009767336351796985,0.003252809285186231,0.006514527066610754,1.5826863755700649,0.05179712483754536,0.0016962114075815566,0.011332842725639952,5,4
have_jewerly,Neuroticism,Can be tense,0.004026380553841591,0.007581618987023831,-0.0035552384331822397,-1.4712444191011251,0.05528091002303623,-0.006550742894386369,-0.000559733971978111,5,5
short_hair,Conscientiousness,Tends to be disorganized,0.003015529178082943,0.0007308483298402279,0.0022846808482427147,1.571286277260964,0.060098047601803796,0.00048225963313111315,0.004087102063354316,5,5
no_makeup,Openness,"Is original, comes up with new ideas",0.058969685435295106,0.10421109050512314,-0.04524140506982804,-1.4230846182265402,0.06264483198408194,-0.08465004320136257,-0.0058327669382935085,5,5
baseline,Extraversion,"is outgoing, sociable",0.14333072379231454,0.061886068899184465,0.08144465489313008,1.4121190045880376,0.06266628337204903,0.01068923083909884,0.1522000789471613,5,4
no_jewerly,Openness,"Is original, comes up with new ideas",0.05432578474283219,0.09956030398607255,-0.04523451924324036,-1.4723029818194453,0.06300237797730011,-0.08331994845420145,-0.007149090032279273,5,5
no_jewerly,Neuroticism,"Is emotionally stable, not easily upset",0.0503681018948555,0.07515135779976845,-0.024783255904912947,-1.4408242769114077,0.06861614203123599,-0.04610552455216115,-0.0034609872576647424,5,5
long_hair,Agreeableness,starts quarrels with others,0.007146718585863711,0.0037337711779400705,0.00341294740792364,1.3466174470979493,0.06864745494856396,0.0002711988380288549,0.006554695977818425,5,5
have_jewerly,Openness,"Is original, comes up with new ideas",0.05397872552275658,0.11201635897159576,-0.05803763344883918,-1.4525283270919431,0.07078984164962963,-0.10756795547162867,-0.008507311426049685,5,5
have_makeup,Neuroticism,Can be tense,0.005417447909712792,0.013158732187002897,-0.007741284277290105,-1.4870982308314569,0.07082998601342287,-0.014194251008627569,-0.0012883175459526422,5,5
short_hair,Openness,Is inventive,0.003983814921230078,0.0020040672621689736,0.0019797476590611043,1.3223935548183186,0.07247646654241627,0.0001239305199758785,0.00383556479814633,5,5
baseline,Openness,"Is ingenious, a deep thinker",0.011093414435163141,0.026104657677933574,-0.015011243242770433,-1.5768296165891853,0.07876955795002084,-0.028245865799242535,-0.0017766206862983303,5,4
long_hair,Agreeableness,Likes to cooperate with others,0.015749756805598737,0.008970290236175061,0.006779466569423676,1.297658228644198,0.08160707443316813,0.00030325146039883455,0.013255681678448518,5,5
no_jewerly,Openness,"Is ingenious, a deep thinker",0.010795808862894773,0.022505603171885012,-0.011709794308990239,-1.2644042894666934,0.08184880759948022,-0.023189992164004823,-0.000229596453975656,5,5
long_hair,Openness,Has an active imagination,0.003411457873880863,0.009015801339410245,-0.005604343465529382,-1.4148809080514704,0.08287998352581781,-0.010514450101162436,-0.0006942368298963279,5,5
have_makeup,Agreeableness,is helpful and unselfish with others,0.009833116270601749,0.003348006075248122,0.006485110195353626,1.400665849939822,0.08333008057593985,0.0007456785633279013,0.012224541827379351,5,5
short_hair,Agreeableness,Is considerate and kind to almost everyone,0.01844875533133745,0.010268405452370644,0.008180349878966807,1.2900130306606081,0.08632913781068094,0.0003196023303491634,0.01604109742758445,5,5
long_hair,Openness,"Likes to reflect, play with ideas",0.010796066652983428,0.023717283457517623,-0.012921216804534195,-1.3524579683137412,0.08726819262065479,-0.024764325182455527,-0.0010781084266128643,5,5
have_makeup,Extraversion,is reserved,0.003819429245777428,0.008551087463274598,-0.00473165821749717,-1.247072006175884,0.08996156308116103,-0.009435014771919083,-2.830166307525757e-05,5,5
long_hair,Conscientiousness,Does a thorough job,0.004379821056500077,0.01239553689956665,-0.008015715843066575,-1.3890108860171508,0.09124347364771045,-0.015169284186710128,-0.0008621474994230218,5,5
have_makeup,Agreeableness,Likes to cooperate with others,0.016727386601269247,0.00839360854588449,0.008333778055384756,1.216187472847929,0.09149129363664439,-0.0001605195237474842,0.016828075634516996,5,5
baseline,Openness,"Is original, comes up with new ideas",0.05102141723036766,0.08952381834387779,-0.03850240111351013,-1.6954512422347074,0.09151268317360625,-0.07151106794455606,-0.005493734282464205,5,4
no_jewerly,Agreeableness,Is generally trusting,0.05774068161845207,0.036008840519934894,0.021731841098517175,1.192434015363002,0.09639588254816345,-0.0008598234934273849,0.044323505690461736,5,5
no_makeup,Extraversion,"is outgoing, sociable",0.10787226408720019,0.0692138185724616,0.038658445514738585,1.1905385995736564,0.09677358750938543,-0.0015935089866729035,0.07891040001615007,5,5
baseline,Neuroticism,"Is relaxed, handles stress well",0.0317336667329073,0.05403620423749089,-0.022302537504583594,-1.3848197031695277,0.10077690434330774,-0.044350807396816246,-0.00025426761235094325,5,4
short_hair,Conscientiousness,Is easily distracted,0.014475666638463735,0.004992254311218858,0.009483412327244877,1.2520098637793267,0.10165625048389688,9.39018654008833e-05,0.01887292278908887,5,5
short_hair,Agreeableness,has a forgiving nature,0.00818959129974246,0.005466320039704442,0.0027232712600380174,1.1690092351108563,0.10175576206900448,-0.00016447498433876627,0.005611017504414801,5,5
baseline,Conscientiousness,Tends to be disorganized,0.0017196517903357745,0.0008373062737518921,0.0008823455165838823,1.1881265291827454,0.10538459249369382,-7.299894382010617e-06,0.0017719909275497752,5,4
short_hair,Agreeableness,is helpful and unselfish with others,0.017175902985036372,0.007890356332063676,0.009285546652972695,1.2329036165823297,0.10562623702107378,-5.05301729037573e-05,0.018621623478849148,5,5
have_makeup,Neuroticism,"Is relaxed, handles stress well",0.026218366250395773,0.037487505748867986,-0.011269139498472212,-1.1612492837796502,0.10750106831451292,-0.023298744377095254,0.0007604653801508293,5,5
have_makeup,Neuroticism,"Is depressed, blue",0.0038931173272430896,0.012815841101109981,-0.008922723773866891,-1.2563345894245754,0.10951572460684428,-0.017726686568350983,-0.0001187609793828013,5,5
have_jewerly,Agreeableness,starts quarrels with others,0.006137031828984618,0.0034175296081230045,0.0027195022208616137,1.1855793125338565,0.11132844976181334,-0.00012394304115146554,0.005562947482874693,5,5
long_hair,Openness,"Is sophisticated in art, music, or literature",0.007802128768526017,0.023548374138772487,-0.01574624537024647,-1.1965580195577785,0.1129235814356637,-0.032059075728302217,0.0005665849878092773,5,5
have_makeup,Conscientiousness,Does a thorough job,0.005134247755631804,0.03047724822536111,-0.025343000469729305,-1.226299490073127,0.12439318607799636,-0.05096113789155504,0.00027513695209643516,5,5
long_hair,Agreeableness,Can be cold and aloof,0.011805276945233345,0.006423017336055635,0.0053822596091777095,1.130679611811906,0.12766153197159225,-0.000518543823594347,0.011283063041949766,5,5
have_makeup,Agreeableness,Can be cold and aloof,0.012648618314415216,0.007100907666608691,0.005547710647806525,1.1262121697812724,0.12784920160585536,-0.0005586106579002449,0.011654031953513295,5,5
have_makeup,Openness,Prefers work that is routine,0.25540339648723603,0.13170716315507888,0.12369623333215715,1.0897889356528527,0.12918297380113464,-0.017005726860656323,0.2643981935249706,5,5
baseline,Agreeableness,Is generally trusting,0.0786014474928379,0.0432875903788954,0.0353138571139425,1.2269746772200028,0.13150647419463019,-0.0038277573826844963,0.07445547161056949,5,4
no_jewerly,Conscientiousness,Is a reliable worker,0.02506059464067221,0.04251925759017468,-0.01745866294950247,-1.0701960881940438,0.13209442307581254,-0.037681109143074626,0.0027637832440696834,5,5
long_hair,Neuroticism,"Is relaxed, handles stress well",0.04012725129723549,0.06339614614844322,-0.023268894851207728,-1.0370879446512844,0.14102742581098635,-0.05108179253626667,0.004544002833851212,5,5
have_jewerly,Agreeableness,Is generally trusting,0.08533323407173157,0.03944420833140612,0.045889025740325454,1.1110806673144986,0.14179141816939714,-0.005308540128709162,0.09708659160936006,5,5
no_jewerly,Extraversion,"is outgoing, sociable",0.11374140977859497,0.06916219741106035,0.04457921236753462,1.0399473188120771,0.14592008153809885,-0.008559021822255618,0.09771744655732487,5,5
have_jewerly,Neuroticism,"Is emotionally stable, not easily upset",0.03684636875987053,0.05685851126909256,-0.02001214250922203,-1.0185130330912113,0.14872142770877123,-0.0443685405719985,0.004344255553554444,5,5
have_jewerly,Extraversion,"is outgoing, sociable",0.07444365844130515,0.04691874794661999,0.027524910494685167,1.0185971243429273,0.15429023508006784,-0.005972368979530074,0.06102218996890041,5,5
baseline,Conscientiousness,Perseveres until the task is finished,0.006147004943341017,0.003535035444656387,0.0026119694986846296,1.011903457313942,0.1562265326609896,-0.0005919704062929115,0.005815909403662171,5,4
long_hair,Openness,"Is original, comes up with new ideas",0.05556316822767258,0.09378594607114792,-0.03822277784347534,-1.0953935281663787,0.15759408194663788,-0.08147795973325882,0.005032404046308142,5,5
short_hair,Conscientiousness,Perseveres until the task is finished,0.006944330828264356,0.0036383523605763913,0.0033059784676879645,1.0601320135082368,0.16045884687439152,-0.0005597036495403125,0.007171660584916242,5,5
baseline,Neuroticism,Can be tense,0.00395649722777307,0.006805346987675875,-0.0028488497599028053,-1.2930416118006491,0.1605107119981235,-0.0060376125958026515,0.0003399130759970414,5,4
no_makeup,Conscientiousness,Perseveres until the task is finished,0.0064875388517975805,0.004031560802832246,0.0024559780489653345,0.9984581532090241,0.16200566242430858,-0.0005931852247413349,0.0055051413226720036,5,5
have_jewerly,Neuroticism,"Is relaxed, handles stress well",0.02971921842545271,0.045525339618325236,-0.015806121192872526,-0.9802990554822325,0.16220993737843628,-0.03579335949096344,0.004181117105218388,5,5
no_makeup,Conscientiousness,Tends to be disorganized,0.0017373672802932561,0.0006989106186665595,0.0010384566616266967,1.0333455730449848,0.16466792459026194,-0.00020728749986988898,0.0022842008231232823,5,5
short_hair,Agreeableness,Likes to cooperate with others,0.012224913854151965,0.007950835884548724,0.004274077969603241,0.9709145425958625,0.16794372893309895,-0.001182840955540775,0.009730996894747258,5,5
have_makeup,Extraversion,is talkative,0.010847230907529593,0.01854744665324688,-0.007700215745717286,-1.0034138238387877,0.1681061001806116,-0.017213027014448365,0.0018125955230137904,5,5
have_makeup,Openness,Has an active imagination,0.003311073500663042,0.010331219877116382,-0.00702014637645334,-1.0443795554678996,0.1685823207287382,-0.015352618570999923,0.001312325818093242,5,5
no_jewerly,Neuroticism,"Is depressed, blue",0.004198538744822145,0.021414307225495578,-0.01721576848067343,-1.054335846644135,0.17048172882891346,-0.0374568404076117,0.0030253034462648376,5,5
long_hair,Neuroticism,Remains calm in tense situations,0.01273414697498083,0.01686619557440281,-0.00413204859942198,-1.003198666363169,0.1723988885276954,-0.009237857331632893,0.0009737601327889332,5,5
baseline,Agreeableness,is helpful and unselfish with others,0.02334215696901083,0.0099062016379321,0.01343595533107873,0.9599651289247305,0.17345626897648955,-0.003235325676915087,0.030107236339072547,5,4
have_makeup,Openness,"Is sophisticated in art, music, or literature",0.00882106174249202,0.02464782800525427,-0.01582676626276225,-0.9988583998050501,0.17773124152262698,-0.03546825170546509,0.0038147191799405913,5,5
have_makeup,Openness,"Is original, comes up with new ideas",0.04769211933016777,0.07774583548307419,-0.030053716152906418,-0.9631903516135266,0.17828159409057423,-0.06873243885208924,0.008625006546276404,5,5
no_jewerly,Openness,Prefers work that is routine,0.22256238907575607,0.11141055971384048,0.11115182936191559,1.0187907048006422,0.1799999683896444,-0.024092077484634433,0.2463957362084656,5,5
short_hair,Neuroticism,"Is emotionally stable, not easily upset",0.04824268147349357,0.062299443781375884,-0.01405676230788231,-0.9820524781084916,0.18065711940524343,-0.03180015532737036,0.003686630711605736,5,5
no_makeup,Neuroticism,"Is relaxed, handles stress well",0.037543576955795285,0.05283981710672379,-0.015296240150928501,-0.9483536741684097,0.1809142395850675,-0.03529027429020333,0.004697793988346331,5,5
no_makeup,Conscientiousness,Can be somewhat careless,0.003789624059572816,0.001825755659956485,0.001963868399616331,0.9554263267920023,0.1829562988430922,-0.0005841422857077944,0.0045118790849404565,5,5
long_hair,Conscientiousness,Perseveres until the task is finished,0.006646598689258099,0.003527730191126466,0.0031188684981316326,0.9821896747022903,0.1873763718618452,-0.0008174276621966082,0.0070551646584598735,5,5
short_hair,Neuroticism,Worries a lot,0.0031034928280860184,0.003993507334962487,-0.0008900145068764685,-0.9109461986284647,0.18881645142491704,-0.002101143566584966,0.00032111455283202945,5,5
no_jewerly,Openness,Is inventive,0.00335051731672138,0.001516198948957026,0.0018343183677643538,0.9460767997850452,0.19269331377060037,-0.0005691277445973347,0.004237764480126043,5,5
have_makeup,Agreeableness,Is generally trusting,0.04207252785563469,0.03068312257528305,0.011389405280351636,0.8966010680137435,0.19410505220743818,-0.004357233398649147,0.02713604395935242,5,5
no_jewerly,Agreeableness,Likes to cooperate with others,0.012425424344837663,0.008103554253466429,0.004321870091371234,0.8916669062603775,0.19625628503352957,-0.001686478578408898,0.010330218761151366,5,5
long_hair,Conscientiousness,Does things efficiently,0.012220308929681779,0.01673434134572744,-0.004514032416045661,-0.8891851243124466,0.20179026972615924,-0.010807044301517004,0.0017789794694256815,5,5
no_makeup,Agreeableness,Likes to cooperate with others,0.017039630003273486,0.009742728061974048,0.0072969019412994374,0.880235441111577,0.20295605158347998,-0.0029791366462428946,0.01757294052884177,5,5
have_makeup,Conscientiousness,Perseveres until the task is finished,0.004207769082859159,0.0027257721172645687,0.0014819969655945901,0.9405943652758026,0.20424195424454758,-0.00047113239530931477,0.003435126326498495,5,5
no_makeup,Conscientiousness,Is easily distracted,0.010484046675264837,0.004945701197721064,0.005538345477543774,0.9019100895658569,0.20689967594720882,-0.002073726126016819,0.013150417081104367,5,5
no_makeup,Agreeableness,has a forgiving nature,0.007955794967710973,0.00491501996293664,0.0030407750047743327,0.8629163019734695,0.2112579058235505,-0.001327416602361197,0.0074089666119098625,5,5
have_makeup,Neuroticism,Gets nervous easily,0.005401302967220545,0.012416708189994097,-0.007015405222773552,-0.9120505477319084,0.21801028106489614,-0.01655038816108144,0.0025195777155343334,5,5
baseline,Openness,Is inventive,0.0027798803756013514,0.0017132107459474355,0.001066669629653916,0.8541778642448261,0.21810911247750311,-0.0004568885339088994,0.0025902277932167315,5,4
long_hair,Conscientiousness,Is easily distracted,0.013615813665091991,0.006549319764599204,0.007066493900492787,0.8916030260000186,0.22070773699917773,-0.0027581885389762377,0.016891176339961813,5,5
no_makeup,Openness,"Is ingenious, a deep thinker",0.013681467156857252,0.02114337347447872,-0.007461906317621468,-0.8378936920293278,0.22222661786325745,-0.01850134364837277,0.003577531013129834,5,5
baseline,Neuroticism,"Is emotionally stable, not easily upset",0.057600224018096925,0.07449809927493334,-0.016897875256836413,-0.8863906988887358,0.2249489001619664,-0.04170979193289959,0.007914041419226761,5,4
long_hair,Openness,Prefers work that is routine,0.1932605668902397,0.11864484772086145,0.07461571916937826,0.8799923251409458,0.226098400160968,-0.030492701794702953,0.17972414013345947,5,5
have_jewerly,Conscientiousness,Does a thorough job,0.0039785656612366434,0.009702337486669422,-0.0057237718254327784,-0.8761476802245997,0.23739135718669302,-0.013822019671234646,0.0023744760203690887,5,5
baseline,Conscientiousness,Does a thorough job,0.004091830784454941,0.008295145031297581,-0.00420331424684264,-1.092733620842503,0.23743488861690895,-0.009893906720996312,0.0014872782273110327,5,4
baseline,Openness,Has an active imagination,0.002540866332128644,0.004543875809758902,-0.0020030094776302574,-1.0713145129149744,0.2386155671445822,-0.004749358551499838,0.0007433395962393235,5,4
have_jewerly,Agreeableness,is helpful and unselfish with others,0.018863874860107897,0.010019945679232478,0.00884392918087542,0.821721414162189,0.23964944893053017,-0.004497634035510742,0.02218549239726158,5,5
baseline,Openness,"Likes to reflect, play with ideas",0.01007537469267845,0.013757992070168258,-0.0036826173774898077,-0.9787312772422699,0.2403313743842567,-0.008995192431363545,0.0016299576763839302,5,4
have_jewerly,Openness,Is inventive,0.003165485104545951,0.0012284435448236763,0.0019370415597222746,0.8605318357497767,0.24038999906531106,-0.0008533044736116677,0.0047273875930562165,5,5
no_makeup,Conscientiousness,Does a thorough job,0.004087369050830602,0.007590460765641183,-0.0035030917148105804,-0.8513177858989781,0.2436787069329258,-0.008603980655537757,0.001597797225916596,5,5
no_makeup,Conscientiousness,Is a reliable worker,0.029976770281791687,0.04390950743108988,-0.013932737149298192,-0.790910088275826,0.24647370973070748,-0.03576985891756733,0.007904384618970948,5,5
no_makeup,Neuroticism,"Is depressed, blue",0.005276538571342826,0.01669506626203656,-0.011418527690693734,-0.835289987421587,0.2503452621327942,-0.02836420378431545,0.0055271484029279835,5,5
no_jewerly,Conscientiousness,Tends to be disorganized,0.0021204227581620217,0.0008121853665215893,0.0013082373916404324,0.833566824350938,0.2523454880813552,-0.0006372669455230544,0.0032537417288039192,5,5
baseline,Neuroticism,"Is depressed, blue",0.0056363545358181,0.04221353121101857,-0.03657717667520047,-1.0752685387589196,0.2535868326734245,-0.08748128448443873,0.014326931134037796,5,4
long_hair,Extraversion,is full of energy,0.014997855946421623,0.02140767462551594,-0.006409818679094317,-0.7869978004171228,0.25591101631347596,-0.01650602676293341,0.003686389404744776,5,5
no_makeup,Openness,Is inventive,0.0027629590360447763,0.001610175392124802,0.0011527836439199743,0.7818779821711704,0.261261811862154,-0.0006748741780699633,0.0029804414659099117,5,5
short_hair,Agreeableness,starts quarrels with others,0.010045783314853908,0.006306324247270822,0.0037394590675830855,0.7764005881678392,0.2621045047801132,-0.002231017456896944,0.009709935592063115,5,5
baseline,Conscientiousness,Is easily distracted,0.012591050006449223,0.005754381301812828,0.006836668704636395,0.7580186991800125,0.2668957346864274,-0.0037685569169173625,0.01744189432619015,5,4
have_makeup,Openness,Is inventive,0.002215781121049076,0.0035960839595645666,-0.0013803028385154905,-0.7666565154966223,0.2721628552104475,-0.0036121251617750876,0.0008515194847441066,5,5
have_jewerly,Openness,"Is ingenious, a deep thinker",0.01114212954416871,0.01629003118723631,-0.005147901643067599,-0.753750148740043,0.2721946750311306,-0.01361410891455249,0.0033183056284172927,5,5
have_jewerly,Neuroticism,"Is depressed, blue",0.0038006757386028767,0.010661068139597774,-0.006860392400994897,-0.8001013833273193,0.27324883927375365,-0.017489333562749808,0.003768548760760014,5,5
have_makeup,Openness,"Likes to reflect, play with ideas",0.013915113545954224,0.02137337327003479,-0.007458259724080566,-0.7575831374634948,0.27339426327567257,-0.019662008833067797,0.004745489384906662,5,5
have_jewerly,Conscientiousness,Can be somewhat careless,0.003824595711193979,0.0020650145132094623,0.0017595811979845164,0.7539208209466433,0.281637070085278,-0.0011335600846870747,0.0046527224806561076,5,5
no_jewerly,Conscientiousness,Does a thorough job,0.004435421619564295,0.007350233069155365,-0.00291481144959107,-0.7754645070021319,0.28371671656665837,-0.0075742609467462614,0.0017446380475641217,5,5
have_jewerly,Conscientiousness,Is easily distracted,0.011125222314149141,0.005713809467852116,0.0054114128462970255,0.752629204404228,0.2864142051786009,-0.0035014180970583753,0.014324243789652427,5,5
no_makeup,Agreeableness,Is generally trusting,0.05705307275056839,0.04061711132526398,0.01643596142530441,0.7153211813546706,0.29182846334016005,-0.012046669031350224,0.04491859188195904,5,5
short_hair,Openness,"Is ingenious, a deep thinker",0.013217632379382848,0.020843350887298585,-0.007625718507915737,-0.7129499689304406,0.2938997773367501,-0.020884627281085987,0.0056331902652545125,5,5
long_hair,Extraversion,"is sometimes shy, inhibited",0.01784181911498308,0.011231109406799078,0.006610709708184002,0.7141483805146069,0.2944939294331179,-0.004864105439180739,0.01808552485554874,5,5
have_makeup,Neuroticism,Worries a lot,0.003738378523848951,0.002800642652437091,0.0009377358714118601,0.7108730271728418,0.30556361938349275,-0.0006974779922597936,0.0025729497350835137,5,5
have_jewerly,Neuroticism,Gets nervous easily,0.004467861959710717,0.008366949367336927,-0.0038990874076262096,-0.7295830174718888,0.3064218774160158,-0.01052391105331211,0.002725736238059691,5,5
baseline,Neuroticism,Gets nervous easily,0.00373401646502316,0.007585194718558342,-0.0038511782535351822,-0.9079370542878289,0.311548914873192,-0.010138651392155607,0.002436294885085243,5,4
baseline,Conscientiousness,Is a reliable worker,0.03121619690209627,0.046113837510347366,-0.014897640608251096,-0.7406577345057659,0.31738887477631755,-0.04173694488251871,0.011941663666016521,5,4
long_hair,Neuroticism,"Is depressed, blue",0.0031772904796525834,0.0101716925855726,-0.006994402105920017,-0.7185154918328153,0.3174837492402682,-0.019061435839585642,0.005072631627745607,5,5
have_makeup,Conscientiousness,Does things efficiently,0.012871301081031562,0.009406744129955768,0.0034645569510757934,0.6738899389500329,0.31778853545176367,-0.0029084559741632023,0.009837569876314789,5,5
long_hair,Extraversion,generates a lot of enthusiasm,0.014674890600144864,0.025779000017791986,-0.011104109417647123,-0.6967547518170085,0.3213808540724833,-0.030859692864936623,0.008651474029642378,5,5
no_jewerly,Conscientiousness,Is easily distracted,0.01241954923607409,0.0054272783920168875,0.006992270844057202,0.6995236142066259,0.3261073072142771,-0.00539860283411311,0.019383144522227513,5,5
no_makeup,Openness,Prefers work that is routine,0.16272354274988174,0.11370653212070465,0.049017010629177085,0.6995336462988129,0.3285138382042708,-0.03784388049792513,0.13587790175627928,5,5
no_jewerly,Openness,"Likes to reflect, play with ideas",0.011560346186161039,0.01440371759235859,-0.0028433714061975503,-0.6578540190646793,0.3291588578281238,-0.008201216170822215,0.0025144733584271132,5,5
have_makeup,Openness,"Is ingenious, a deep thinker",0.008199525671079755,0.015496999863535166,-0.007297474192455411,-0.6682900419528705,0.332213495967689,-0.020833577023544887,0.006238628638634067,5,5
have_makeup,Extraversion,has an assertive personality,0.06771997734904289,0.12122290134429932,-0.05350292399525643,-0.6802185399606638,0.3355935536024808,-0.151005282156442,0.04399943416592912,5,5
short_hair,Neuroticism,"Is depressed, blue",0.007207406964153053,0.02769313137978315,-0.020485724415630097,-0.6828358601101221,0.3402085880052093,-0.05767528718301975,0.016703838351759558,5,5
have_jewerly,Conscientiousness,Tends to be disorganized,0.003593702393118292,0.0010335500584915283,0.002560152334626764,0.6751766360083128,0.3446571510519527,-0.002140243893913401,0.007260548563166928,5,5
short_hair,Openness,Prefers work that is routine,0.12069265991449356,0.09597756713628769,0.02471509277820587,0.6333131449063774,0.3535389500150018,-0.023660890990519982,0.07309107654693173,5,5
have_makeup,Conscientiousness,Tends to be disorganized,0.003083455574233085,0.0016145426634466276,0.0014689129107864573,0.6301431963324613,0.35786610860343004,-0.0014207212544999578,0.004358547076072873,5,5
no_makeup,Openness,"Values artistic, aesthetic experiences",0.08853843808174133,0.13811390288174155,-0.04957546480000022,-0.6435777542067329,0.3599088218364632,-0.14506413334311014,0.045913203743109685,5,5
have_makeup,Agreeableness,has a forgiving nature,0.005922271497547626,0.007800687151029706,-0.0018784156534820797,-0.6140497284008758,0.3643476875239297,-0.005670467111937427,0.001913635804973268,5,5
baseline,Extraversion,generates a lot of enthusiasm,0.0143024867400527,0.02412947322591208,-0.00982698648585938,-0.7622331840967768,0.36528228724353495,-0.028502836986617295,0.008848864014898535,5,4
have_jewerly,Openness,"Is sophisticated in art, music, or literature",0.018079185765236615,0.030277388729155065,-0.01219820296391845,-0.6148900654505706,0.36543266700572274,-0.036789670451530934,0.01239326452369403,5,5
no_jewerly,Neuroticism,Can be tense,0.004906257940456271,0.006368583207949996,-0.0014623252674937255,-0.62712319846716,0.36586488177623305,-0.004352853295074939,0.0014282027600874873,5,5
have_makeup,Conscientiousness,Can be somewhat careless,0.0022043335950002073,0.0015680742333643138,0.0006362593616358935,0.6003418611347824,0.3742715688847924,-0.0006775175496323421,0.001950036272904129,5,5
have_jewerly,Conscientiousness,Does things efficiently,0.018059516698122023,0.013705122843384742,0.004354393854737281,0.5948277324330464,0.3744874403637997,-0.004720103265297988,0.01342889097477255,5,5
short_hair,Conscientiousness,Does a thorough job,0.00579923465847969,0.010339177353307605,-0.004539942694827915,-0.6281883115268813,0.37582826366700556,-0.013498675556861378,0.0044187901672055495,5,5
no_jewerly,Conscientiousness,Can be somewhat careless,0.0027855879976414143,0.0018392993952147663,0.000946288602426648,0.6013139059001265,0.37610503597995354,-0.0010044920015810765,0.0028970692064343726,5,5
have_jewerly,Conscientiousness,Perseveres until the task is finished,0.006054468918591738,0.004618842201307416,0.001435626717284322,0.5909023364797454,0.3776810436524573,-0.0015760745509731588,0.004447327985541803,5,5
have_makeup,Openness,Is curious about many different things,0.02718376964330673,0.018779056891798974,0.008404712751507757,0.5928249510787033,0.3781419396478206,-0.009169766608274024,0.025979192111289538,5,5
have_jewerly,Agreeableness,Is considerate and kind to almost everyone,0.016465276759117842,0.011621316336095333,0.004843960423022509,0.6183012177711915,0.3805597858559838,-0.004867544872035641,0.01455546571808066,5,5
baseline,Agreeableness,Likes to cooperate with others,0.010286147333681581,0.007680460053961724,0.0026056872797198573,0.6801033498972842,0.3849202171851823,-0.002733603774169328,0.007944978333609042,5,4
have_makeup,Neuroticism,Remains calm in tense situations,0.015269714407622814,0.019106761552393436,-0.0038370471447706223,-0.6025372230371743,0.38985783532991103,-0.011731087109733213,0.004056992820191969,5,5
no_jewerly,Extraversion,generates a lot of enthusiasm,0.01563265025615692,0.02277794326655567,-0.007145293010398748,-0.5734058062020347,0.3961624045685652,-0.02259228863785239,0.008301702617054896,5,5
baseline,Openness,Prefers work that is routine,0.159430143982172,0.11398148536682126,0.045448658615350745,0.5618691737055022,0.39678824804882534,-0.051114894789612605,0.1420122120203141,5,4
short_hair,Extraversion,has an assertive personality,0.0885155498981476,0.05556722059845924,0.032948329299688356,0.5819048794990105,0.4040286611310085,-0.03724041389043563,0.10313707248981234,5,5
short_hair,Neuroticism,Can be tense,0.007316491473466158,0.009503313433378935,-0.0021868219599127763,-0.5562806811717235,0.4060539801825844,-0.007059924115257107,0.0026862801954315547,5,5
no_makeup,Neuroticism,Worries a lot,0.005394492135383189,0.0037184577900916337,0.0016760343452915552,0.567025376614188,0.40703406915207885,-0.0019880586301935545,0.005340127320776665,5,5
long_hair,Neuroticism,Gets nervous easily,0.005135061033070087,0.006895990669727324,-0.001760929636657237,-0.563618507332405,0.4127344140299698,-0.005633887966528781,0.002112028693214307,5,5
have_jewerly,Openness,Has an active imagination,0.0030013052746653557,0.004244848364032805,-0.001243543089367449,-0.5461961964476878,0.41299533111473435,-0.004065810974356855,0.0015787247956219569,5,5
have_jewerly,Openness,Is curious about many different things,0.024017337895929813,0.016210648510605098,0.007806689385324715,0.547210462102938,0.4133338485890526,-0.00987804636424373,0.02549142513489316,5,5
have_jewerly,Conscientiousness,Makes plans and follows through with them,0.0033878872636705637,0.006378472235519439,-0.002990584971848875,-0.5602833324500873,0.41713072314263794,-0.009607179333732627,0.003626009390034877,5,5
no_makeup,Neuroticism,Remains calm in tense situations,0.0167791610583663,0.020971251651644707,-0.004192090593278408,-0.5455554488429276,0.4203589133733576,-0.013717372301254669,0.005333191114697853,5,5
have_makeup,Conscientiousness,Is a reliable worker,0.022773715667426586,0.030878555215895175,-0.008104839548468589,-0.5372605067371584,0.42507120541242044,-0.02680501026084289,0.010595331163905711,5,5
no_jewerly,Agreeableness,starts quarrels with others,0.005373225919902325,0.004178863181732595,0.0011943627381697302,0.5223511377709779,0.4362175303333017,-0.0016400283105378042,0.004028753786877264,5,5
no_jewerly,Agreeableness,Is considerate and kind to almost everyone,0.010024280054494739,0.012047614250332118,-0.002023334195837379,-0.5178467279607961,0.43840440009585385,-0.006866757778496359,0.0028200893868216004,5,5
have_jewerly,Extraversion,is full of energy,0.015347487479448321,0.035141773428767925,-0.019794285949319604,-0.5412129170293283,0.43970923606606843,-0.06513180525916541,0.025543233360526205,5,5
no_makeup,Extraversion,tends to be quiet,0.0034453019499778754,0.0016773165902122856,0.0017679853597655898,0.5294586069081555,0.4489312358400814,-0.0023713700671322805,0.005907340786663461,5,5
have_makeup,Extraversion,is full of energy,0.013869343698024747,0.010191423911601305,0.003677919786423442,0.5246727239497906,0.4503220147060831,-0.005011681166462299,0.012367520739309183,5,5
short_hair,Extraversion,tends to be quiet,0.0029352633748203514,0.0020259555662050844,0.000909307808615267,0.5202931513713902,0.45042929334430887,-0.0012571432289085471,0.003075758846139081,5,5
no_jewerly,Neuroticism,Remains calm in tense situations,0.01580011211335659,0.018955111503601074,-0.0031549993902444846,-0.49837564941811596,0.45971765170342793,-0.011002448934971204,0.004692450154482235,5,5
no_jewerly,Extraversion,tends to be quiet,0.003091960330493748,0.0017823133850470186,0.0013096469454467296,0.5057724024898326,0.46698766351458154,-0.0019002062713346353,0.004519500162228095,5,5
no_makeup,Openness,"Likes to reflect, play with ideas",0.014717398770153526,0.017588715627789495,-0.0028713168576359697,-0.4820667114647982,0.4710967745614236,-0.010254778871883377,0.004512145156611437,5,5
long_hair,Conscientiousness,Can be somewhat careless,0.0027896964689716696,0.0037735725985839964,-0.0009838761296123268,-0.4824695165198248,0.4721923122952943,-0.00351175705103405,0.0015440047918093966,5,5
have_makeup,Extraversion,generates a lot of enthusiasm,0.014688481763005256,0.0117319627199322,0.0029565190430730567,0.47308098720065395,0.47720875860136125,-0.004790439881277653,0.010703477967423766,5,5
long_hair,Conscientiousness,Tends to be lazy,0.0028754283906891947,0.003660463378764689,-0.0007850349880754942,-0.4667987520573227,0.4817421995038238,-0.0028697437602515593,0.0012996737841005708,5,5
have_jewerly,Neuroticism,Remains calm in tense situations,0.014241643249988556,0.016960253752768037,-0.002718610502779481,-0.466789602795371,0.48185418830158633,-0.009938189674202666,0.004500968668643704,5,5
short_hair,Agreeableness,Is generally trusting,0.05258285626769066,0.042267425917088985,0.010315430350601673,0.4653961096644321,0.48703230155358396,-0.01716039008693996,0.037791250788143306,5,5
have_makeup,Extraversion,tends to be quiet,0.002970216725952923,0.0045425959164276716,-0.0015723791904747484,-0.4544302909139938,0.4932811096634757,-0.005861577065734471,0.0027168186847849737,5,5
have_jewerly,Conscientiousness,Is a reliable worker,0.028838963620364665,0.04169298745691776,-0.012854023836553097,-0.455283463247987,0.49388858400914853,-0.047852029069590955,0.022143981396484762,5,5
baseline,Conscientiousness,Makes plans and follows through with them,0.0026370547944679855,0.004605792215443217,-0.0019687374209752316,-0.5813124070345725,0.4941252272297483,-0.006982020606116709,0.0030445457641662455,5,4
long_hair,Agreeableness,Is considerate and kind to almost everyone,0.011962706129997969,0.014604773651808501,-0.002642067521810532,-0.4530396185484888,0.4942313743995907,-0.009871326724432763,0.0045871916808116996,5,5
have_jewerly,Agreeableness,tends to find fault with others,0.006377050047740339,0.004928375175222754,0.0014486748725175847,0.4662678032569589,0.4983083685761272,-0.002402751205908247,0.005300100950943416,5,5
have_jewerly,Extraversion,tends to be quiet,0.0032719538314267987,0.0014545945683494212,0.0018173592630773775,0.46890036114521105,0.4993335155176535,-0.002987119618032213,0.0066218381441869685,5,5
have_makeup,Conscientiousness,Is easily distracted,0.00983483106829226,0.006852557836100459,0.0029822732321918,0.45335274555195765,0.5010154006738827,-0.005172225081965197,0.011136771546348796,5,5
have_jewerly,Agreeableness,Likes to cooperate with others,0.013571802526712418,0.010420516366139054,0.0031512861605733633,0.4558522783412621,0.5046284354914182,-0.0054181012957203924,0.011720673616867119,5,5
no_makeup,Conscientiousness,Tends to be lazy,0.0038787891855463384,0.0026255055563524365,0.0012532836291939018,0.4394360355028899,0.5187645321726796,-0.0022821262072440494,0.004788693465631853,5,5
short_hair,Openness,"Likes to reflect, play with ideas",0.013227478414773943,0.015138144418597222,-0.0019106660038232786,-0.4303513423804985,0.5210266500901589,-0.007414276387638079,0.0035929443799915216,5,5
no_makeup,Agreeableness,tends to find fault with others,0.008449884038418532,0.006280848663300276,0.0021690353751182556,0.4408393234802964,0.5210602562237641,-0.003930157605731886,0.008268228355968396,5,5
have_makeup,Agreeableness,starts quarrels with others,0.005044305976480245,0.006539421784691514,-0.0014951158082112687,-0.43940032679698354,0.522472184564153,-0.005713057043761094,0.002722825427338557,5,5
baseline,Extraversion,is reserved,0.0037362984381616115,0.006996106676524505,-0.0032598082383628935,-0.5374922401239226,0.524458919204179,-0.012231698883762342,0.005712082407036556,5,4
baseline,Extraversion,is full of energy,0.013180811889469624,0.023978480719961226,-0.010797668830491602,-0.5432040666918992,0.5252623817234054,-0.040420436930734556,0.01882509926975135,5,4
long_hair,Conscientiousness,Tends to be disorganized,0.003397733555175364,0.0023214483953779563,0.0010762851597974077,0.4064275818575725,0.5387252689336824,-0.0022064076645601665,0.0043589779841549815,5,5
no_makeup,Conscientiousness,Makes plans and follows through with them,0.002296393597498536,0.0033295129891484977,-0.0010331193916499615,-0.40605383642315346,0.5454981698196446,-0.004187056015674262,0.0021208172323743395,5,5
have_jewerly,Neuroticism,Can be moody,0.008363008429296315,0.015262806275859474,-0.006899797846563159,-0.4017698946461938,0.5495149975462572,-0.0281882969033651,0.014388701210238782,5,5
no_makeup,Agreeableness,is helpful and unselfish with others,0.013287650421261791,0.010271571297198535,0.003016079124063256,0.3928615126116675,0.5517765576670545,-0.006500685173342595,0.012532843421469106,5,5
no_jewerly,Neuroticism,Can be moody,0.008808708935976028,0.01673120034392923,-0.007922491407953203,-0.4070330521053665,0.5517891016031146,-0.032050316028982506,0.0162053332130761,5,5
no_makeup,Extraversion,generates a lot of enthusiasm,0.018109033070504665,0.0236439224332571,-0.005534889362752437,-0.3863569327430937,0.5584267024744183,-0.023293390261789844,0.01222361153628497,5,5
baseline,Openness,"Is sophisticated in art, music, or literature",0.010263339267112313,0.014510305132716894,-0.004246965865604581,-0.45123371463261713,0.5602877399274295,-0.017487140431619214,0.008993208700410052,5,4
long_hair,Agreeableness,is helpful and unselfish with others,0.016413230635225772,0.012675994448363781,0.003737236186861991,0.38531521106074257,0.5622883514581584,-0.00828597452679032,0.0157604469005143,5,5
have_jewerly,Extraversion,has an assertive personality,0.06199233755469321,0.04927787221968173,0.012714465335011478,0.38266422900355046,0.5625604757136143,-0.02847311720825116,0.053902047878274115,5,5
baseline,Neuroticism,Remains calm in tense situations,0.01536196731030941,0.019073579227551818,-0.003711611917242407,-0.4598206988854425,0.5666017559351983,-0.015331794288771669,0.007908570454286855,5,4
short_hair,Extraversion,generates a lot of enthusiasm,0.02053396627306938,0.017380621912889183,0.003153344360180197,0.3676919985710285,0.5801977033594498,-0.00747763532335264,0.013784324043713034,5,5
short_hair,Conscientiousness,Makes plans and follows through with them,0.0031894732965156436,0.005147440207656473,-0.0019579669111408297,-0.37299041699066127,0.585095302043122,-0.008465160710870504,0.004549226888588844,5,5
have_jewerly,Neuroticism,Worries a lot,0.0028284902684390543,0.003413532255217433,-0.0005850419867783787,-0.359248980734326,0.5865549092778852,-0.002603768828806196,0.0014336848552494387,5,5
long_hair,Extraversion,is talkative,0.014615625329315662,0.011905607581138612,0.00271001774817705,0.34982518758777886,0.5960485792554542,-0.006892986620898973,0.012313022117253073,5,5
long_hair,Agreeableness,Is generally trusting,0.06369306296110153,0.0557566411793232,0.007936421781778329,0.3421257904314187,0.6033924943704863,-0.020819347708891243,0.0366921912724479,5,5
have_jewerly,Openness,"Likes to reflect, play with ideas",0.013017645198851823,0.015340948663651943,-0.002323303464800119,-0.34219858553685983,0.6036478437976037,-0.010739459855794995,0.006092852926194757,5,5
short_hair,Neuroticism,Gets nervous easily,0.0062584247905761005,0.00873274013865739,-0.00247431534808129,-0.34994411442528056,0.6049700441849327,-0.011239123659320917,0.006290492963158337,5,5
baseline,Agreeableness,starts quarrels with others,0.006243582908064127,0.005410051846411079,0.0008335310616530475,0.40292731576355395,0.6076998260214227,-0.002111125806112916,0.003778187929419011,5,4
no_jewerly,Extraversion,is full of energy,0.014286096859723329,0.02119394913315773,-0.006907852273434403,-0.34790768135554395,0.608331339270783,-0.0315208828361795,0.017705178289310695,5,5
have_makeup,Conscientiousness,Tends to be lazy,0.003228847752325237,0.002300149598158896,0.0009286981541663407,0.34934587668587974,0.6091937287573225,-0.002366678250151141,0.004224074558483822,5,5
short_hair,Openness,Is curious about many different things,0.024405420944094657,0.019429994374513627,0.00497542656958103,0.33740361148268017,0.6130440146857783,-0.013304172296858367,0.023255025436020427,5,5
have_makeup,Extraversion,"is outgoing, sociable",0.07579184398055076,0.062064527347683904,0.01372731663286686,0.3338968822887575,0.615368636393018,-0.037236196049397714,0.06469082931513143,5,5
no_makeup,Agreeableness,Is considerate and kind to almost everyone,0.012132913619279862,0.01093263765797019,0.0012002759613096714,0.32300195478128585,0.6243791291899083,-0.003406128038735072,0.005806679961354415,5,5
short_hair,Extraversion,"is sometimes shy, inhibited",0.012347637489438058,0.01599383857101202,-0.003646201081573961,-0.3287292165578286,0.6247777533648147,-0.01739574770060466,0.010103345537456739,5,5
have_jewerly,Agreeableness,Is sometimes rude to others,0.019433122500777243,0.014959545247256756,0.004473577253520487,0.32254794726262465,0.6254391706662085,-0.01271922730072485,0.021666381807765825,5,5
have_jewerly,Openness,Prefers work that is routine,0.15514964312314986,0.12749250829219821,0.02765713483095164,0.3233401004579714,0.6316443280275803,-0.07837406724560037,0.13368833690750365,5,5
baseline,Conscientiousness,Tends to be lazy,0.0021760079776868223,0.0024760437663644552,-0.0003000357886776329,-0.317316067932794,0.6323848790498041,-0.001473454232271089,0.0008733826549158232,5,4
no_jewerly,Conscientiousness,Perseveres until the task is finished,0.004764844756573438,0.003946243599057197,0.0008186011575162409,0.30741771425206343,0.6409557063056432,-0.002482277292007948,0.00411947960704043,5,5
long_hair,Openness,Is curious about many different things,0.016857885196805,0.02038295567035675,-0.0035250704735517516,-0.30393554772208015,0.6436967643718486,-0.01790220622976868,0.010852065282665175,5,5
no_jewerly,Openness,"Is sophisticated in art, music, or literature",0.011578870238736272,0.014478209428489208,-0.0028993391897529364,-0.30373367366662496,0.6439107946637449,-0.014732265225985954,0.00893358684648008,5,5
no_jewerly,Openness,Has an active imagination,0.0032352834241464734,0.003887866740114987,-0.0006525833159685135,-0.3026194969584608,0.645109700867615,-0.003325744389835104,0.002020577757898077,5,5
short_hair,Neuroticism,Can be moody,0.007991589047014714,0.010171334398910405,-0.0021797453518956917,-0.30127427496255427,0.6481395473479117,-0.011148451135185148,0.006788960431393765,5,5
no_jewerly,Extraversion,"is sometimes shy, inhibited",0.01433848300948739,0.02021662928164005,-0.0058781462721526605,-0.3057138557548146,0.6506168066536517,-0.02971293646425654,0.017956643919951214,5,5
short_hair,Extraversion,is talkative,0.02013606708496809,0.01710459003224969,0.0030314770527184003,0.296343968323664,0.6519892858434516,-0.009649253074565644,0.015712207180002442,5,5
short_hair,Neuroticism,Remains calm in tense situations,0.026541409082710743,0.023588034324347973,0.00295337475836277,0.2942383732341173,0.6544611738366182,-0.009489058360697177,0.015395807877422717,5,5
baseline,Openness,"Values artistic, aesthetic experiences",0.10239343345165255,0.08173941611312328,0.02065401733852927,0.34340647325903695,0.657918908573847,-0.06452942806915268,0.10583746274621122,5,4
have_makeup,Openness,"Values artistic, aesthetic experiences",0.11948498189449311,0.10204391106963158,0.01744107082486153,0.2892136003177015,0.6598120553784446,-0.057313973068955554,0.09219611471867861,5,5
no_makeup,Openness,"Is sophisticated in art, music, or literature",0.00898167584091425,0.011515917629003523,-0.002534241788089274,-0.2898702527927882,0.6621246561438138,-0.013371775605283333,0.008303292029104785,5,5
no_jewerly,Conscientiousness,Does things efficiently,0.015923424065113066,0.013973664492368698,0.0019497595727443681,0.28635316155859347,0.6631474465050634,-0.006490681571902529,0.010390200717391265,5,5
baseline,Agreeableness,has a forgiving nature,0.0050253696274012325,0.0045211921678856015,0.000504177459515631,0.32437791350810596,0.6653695420051479,-0.0016469861104261812,0.0026553410294574433,5,4
baseline,Agreeableness,Is sometimes rude to others,0.012707616109400988,0.015787708573043346,-0.0030800924636423584,-0.3259529999801112,0.6701058029925573,-0.016347915150807996,0.01018773022352328,5,4
baseline,Neuroticism,Can be moody,0.0071210290770977736,0.01132274785777554,-0.004201718780677766,-0.3431823291101884,0.6706775675431236,-0.022020860750911125,0.013617423189555593,5,4
baseline,Extraversion,has an assertive personality,0.05166226550936699,0.06876683561131357,-0.017104570101946576,-0.34696857111738,0.6729772062304016,-0.08972127950371678,0.055512139299823626,5,4
no_jewerly,Conscientiousness,Makes plans and follows through with them,0.0027056171325966715,0.003403323225211352,-0.0006977060926146804,-0.27126632969458436,0.6814075144439347,-0.003886031875136101,0.00249061968990674,5,5
no_makeup,Extraversion,"is sometimes shy, inhibited",0.028118289634585382,0.02126058181747794,0.006857707817107442,0.264340013008451,0.6871392825743667,-0.025301262689898574,0.03901667832411346,5,5
short_hair,Openness,"Is sophisticated in art, music, or literature",0.011083019943907858,0.013627547211945057,-0.0025445272680371996,-0.2640609333561643,0.688031945644946,-0.014489606156415164,0.009400551620340765,5,5
have_makeup,Agreeableness,Is considerate and kind to almost everyone,0.011963988281786441,0.013324955105781555,-0.0013609668239951134,-0.2604094131716044,0.6915005578892348,-0.007839503575346253,0.005117569927356026,5,5
short_hair,Extraversion,is reserved,0.004123786115087569,0.0034046216402202844,0.0007191644748672844,0.2528822732955355,0.6999492899898209,-0.0028061341057852547,0.0042444630555198235,5,5
no_jewerly,Agreeableness,is helpful and unselfish with others,0.012045871280133725,0.009922583308070897,0.0021232879720628275,0.25160510745590187,0.7026395306639959,-0.008337767710455246,0.012584343654580901,5,5
baseline,Extraversion,tends to be quiet,0.0020432760939002037,0.0017548010218888521,0.0002884750720113516,0.24159313911297264,0.7071888406345104,-0.0011361538148972313,0.0017131039589199345,5,4
no_makeup,Extraversion,is reserved,0.004445854225195944,0.0036499745678156606,0.0007958796573802837,0.2402386874896425,0.7145817939218193,-0.0033107971435544534,0.00490255645831502,5,5
no_jewerly,Agreeableness,Is sometimes rude to others,0.012148442305624485,0.01448184521868825,-0.0023334029130637653,-0.24089723674166275,0.7148425057059129,-0.014340664837491905,0.009673859011364375,5,5
long_hair,Conscientiousness,Makes plans and follows through with them,0.0029057990526780487,0.0037227658904157588,-0.0008169668377377101,-0.2440064007355095,0.716594690201881,-0.004967360356667056,0.003333426681191636,5,5
no_makeup,Extraversion,is talkative,0.01112899724394083,0.010197403468191623,0.0009315937757492058,0.23722167963642116,0.7179454831955094,-0.003936492524154555,0.005799680075652966,5,5
short_hair,Conscientiousness,Does things efficiently,0.011478485818952323,0.013223407231271267,-0.0017449214123189446,-0.24056429551350023,0.7185395754207791,-0.010736392851360778,0.007246550026722889,5,5
long_hair,Extraversion,tends to be quiet,0.0031824134523048995,0.00261025414802134,0.0005721593042835593,0.2343545545281211,0.7253333476192023,-0.002454263728703834,0.003598582337270953,5,5
no_makeup,Neuroticism,Can be tense,0.0056089024059474465,0.00610495125874877,-0.0004960488528013233,-0.23008071043756398,0.7268130145160342,-0.00316862634707436,0.0021765286414717135,5,5
short_hair,Agreeableness,tends to find fault with others,0.006090229423716664,0.005579116940498352,0.0005111124832183119,0.22924403655778353,0.7316807919959161,-0.002252674125232741,0.0032748990916693648,5,5
no_jewerly,Neuroticism,Gets nervous easily,0.004894303833134472,0.005643234238959847,-0.0007489304058253751,-0.21494858234789388,0.7441962176071143,-0.005068027276682992,0.0035701664650322415,5,5
no_jewerly,Neuroticism,Worries a lot,0.0038655696203932165,0.003537092404440045,0.00032847721595317134,0.20646524308663222,0.7528447700349098,-0.001643692866385044,0.0023006472982913867,5,5
long_hair,Agreeableness,tends to find fault with others,0.0050505431368947015,0.00564219276420772,-0.0005916496273130189,-0.20452498927893917,0.7560452642399196,-0.004177600072940519,0.0029943008183144814,5,5
short_hair,Conscientiousness,Can be somewhat careless,0.0028335645794868468,0.00237035610480234,0.00046320847468450665,0.20510504243814381,0.7561782909642624,-0.002336328617532029,0.0032627455669010422,5,5
baseline,Neuroticism,Worries a lot,0.003058994165621698,0.0033139767474494874,-0.00025498258182778946,-0.2155045723148977,0.7619346794549804,-0.001833126397114032,0.001323161233458453,5,4
baseline,Agreeableness,tends to find fault with others,0.006271758303046227,0.0058268646826036274,0.00044489362044259923,0.20878072743310758,0.7692275221961522,-0.0023987328673943007,0.003288520108279499,5,4
short_hair,Conscientiousness,Tends to be lazy,0.0023574929684400557,0.0026191861135885118,-0.0002616931451484561,-0.18760741014781143,0.7753599889793549,-0.0019908262499629334,0.001467439959666021,5,5
no_makeup,Extraversion,is full of energy,0.01674561472609639,0.020621386263519524,-0.003875771537423134,-0.1882187310954501,0.7775842841706215,-0.02940169101170608,0.021650147936859813,5,5
no_jewerly,Conscientiousness,Tends to be lazy,0.003070463426411152,0.002643568464554846,0.0004268949618563057,0.17585998858378687,0.7917579096562813,-0.0025822288388403663,0.0034360187625529777,5,5
no_jewerly,Extraversion,is talkative,0.011140969768166541,0.01220060968771577,-0.0010596399195492278,-0.17313635537362076,0.7928350535497535,-0.008646395746581523,0.006527115907483068,5,5
no_jewerly,Extraversion,is reserved,0.0038203591713681815,0.004496653866954148,-0.0006762946955859665,-0.16646661493971074,0.8003678793256729,-0.005712401127257197,0.004359811736085264,5,5
no_makeup,Openness,Is curious about many different things,0.01887579746544361,0.02128225490450859,-0.0024064574390649796,-0.16109353412464877,0.8071437666801191,-0.020924119015566643,0.016111204137436684,5,5
baseline,Agreeableness,Is considerate and kind to almost everyone,0.013248378410935402,0.012604671530425552,0.0006437068805098499,0.15881728095497746,0.8099900352630949,-0.004401617300020996,0.005689031061040696,5,4
no_makeup,Agreeableness,Is sometimes rude to others,0.014514484908431768,0.012941709626466036,0.0015727752819657322,0.15554061834140204,0.8119531577203257,-0.01096177973736548,0.014107330301296945,5,5
no_jewerly,Openness,"Values artistic, aesthetic experiences",0.11090629920363426,0.12369768358767033,-0.01279138438403607,-0.15173284681194618,0.8169775923327414,-0.11729324204123429,0.09171047327316215,5,5
short_hair,Openness,Has an active imagination,0.004756885673850774,0.005462014535441995,-0.0007051288615912204,-0.15519718812110028,0.8176886844601267,-0.006337233432748156,0.004926975709565715,5,5
no_makeup,Neuroticism,"Is emotionally stable, not easily upset",0.0750828765332699,0.06955451294779777,0.005528363585472124,0.14383600364919272,0.8297116131593696,-0.04211638686835621,0.05317311403930046,5,5
long_hair,Openness,Is inventive,0.0036655355943366885,0.004107393044978381,-0.0004418574506416927,-0.13780871501015515,0.8343157053826794,-0.004416440411202372,0.003532725509918987,5,5
long_hair,Openness,"Values artistic, aesthetic experiences",0.102201808989048,0.0942963358014822,0.007905473187565806,0.12901333186334474,0.8456331741077114,-0.06805354554382535,0.08386449191895697,5,5
have_jewerly,Extraversion,is reserved,0.004728226992301643,0.004241189290769398,0.0004870377015322447,0.12719294262408945,0.846973370819547,-0.004259595069789485,0.005233670472853974,5,5
have_jewerly,Extraversion,is talkative,0.012478309031575919,0.013712249137461186,-0.001233940105885267,-0.12101361160102218,0.8533598049473806,-0.013873906653839934,0.0114060264420694,5,5
no_makeup,Openness,Has an active imagination,0.0036389568587765096,0.003930445504374802,-0.0002914886455982922,-0.11789297982945962,0.8569728439103735,-0.003356413029837579,0.0027734357386409946,5,5
no_makeup,Neuroticism,Gets nervous easily,0.005678695579990745,0.005285375728271902,0.00039331985171884264,0.11124710352728595,0.8654805222162335,-0.003989395059989199,0.004776034763426884,5,5
long_hair,Extraversion,is reserved,0.004125634068623185,0.003852664609439671,0.00027296945918351377,0.10398690829240612,0.8741758832108757,-0.0029810598493976753,0.003526998767764703,5,5
have_makeup,Extraversion,"is sometimes shy, inhibited",0.01245910646393895,0.011712203081697226,0.0007469033822417245,0.09735821780163016,0.8814825590468123,-0.00876303882760472,0.010256845592088169,5,5
have_jewerly,Openness,"Values artistic, aesthetic experiences",0.1464173600077629,0.13860847540199756,0.007808884605765343,0.09771120866212339,0.8831328227091628,-0.0912584975060781,0.10687626671760879,5,5
baseline,Extraversion,is talkative,0.012188413832336664,0.012641694862395525,-0.00045328103005886147,-0.088373728500101,0.8902546353264316,-0.006594522784241328,0.005687960724123605,5,4
have_makeup,Conscientiousness,Makes plans and follows through with them,0.0035016190726310016,0.0032985039637424053,0.0002031151088885963,0.08870428058800989,0.8924048076563231,-0.0026353510381015555,0.003041581255878748,5,5
have_makeup,Neuroticism,"Is emotionally stable, not easily upset",0.04617443419992924,0.04792337529361248,-0.0017489410936832386,-0.084370878000194,0.8971997235081964,-0.027445127886962295,0.023947245699595818,5,5
no_jewerly,Agreeableness,tends to find fault with others,0.006113754538819194,0.005920681171119213,0.0001930733676999809,0.08121813265437253,0.9017449439507904,-0.0027537590498753796,0.0031399057852753414,5,5
baseline,Conscientiousness,Can be somewhat careless,0.0021722966339439154,0.002286028568050824,-0.00011373193410690874,-0.09294137394573662,0.9039247332472181,-0.0018525272574355064,0.001625063389221689,5,4
no_jewerly,Openness,Is curious about many different things,0.0217139920219779,0.02047297963872552,0.0012410123832523809,0.07036188015846026,0.9141618455679726,-0.020622742321306144,0.023104767087810906,5,5
have_jewerly,Extraversion,"is sometimes shy, inhibited",0.015170141495764256,0.01424242090433836,0.000927720591425896,0.07139771216382844,0.9149451189327732,-0.015179439215176277,0.01703488039802807,5,5
no_makeup,Conscientiousness,Does things efficiently,0.014570711925625804,0.015047573577612638,-0.0004768616519868346,-0.06831538244169633,0.9170047058688706,-0.00912972733036497,0.008176004026391301,5,5
have_jewerly,Extraversion,generates a lot of enthusiasm,0.014955463539808988,0.015537225897423923,-0.0005817623576149355,-0.06250724435051684,0.9237136402469986,-0.012118986521664578,0.010955461806434707,5,5
have_jewerly,Agreeableness,has a forgiving nature,0.008106016088277102,0.007833941001445055,0.00027207508683204686,0.06241813447176621,0.9244429737543045,-0.005131286847858266,0.00567543702152236,5,5
baseline,Conscientiousness,Does things efficiently,0.015585987456142902,0.015176939545199275,0.000409047910943627,0.06407864030552217,0.9305494036108181,-0.00835848252590805,0.009176578347795304,5,4
baseline,Extraversion,"is sometimes shy, inhibited",0.016950470488518478,0.016274243709631264,0.0006762267788872137,0.06541307047052719,0.9308467130287498,-0.013791758693437853,0.01514421225121228,5,4
have_makeup,Neuroticism,Can be moody,0.01417263327166438,0.01357242944650352,0.0006002038251608603,0.05649323604086186,0.931830239190575,-0.0125698749683523,0.01377028261867402,5,5
no_makeup,Extraversion,has an assertive personality,0.04298764951527119,0.041369488835334776,0.0016181606799364132,0.05390345183919462,0.9355370219875369,-0.03559453520685973,0.038830856566732554,5,5
long_hair,Neuroticism,"Is emotionally stable, not easily upset",0.051177617907524106,0.04986185021698475,0.0013157676905393573,0.05225642660682667,0.9363515158198953,-0.029896518208519664,0.03252805358959838,5,5
have_makeup,Agreeableness,Is sometimes rude to others,0.014709838852286336,0.014440998062491417,0.0002688407897949198,0.04495644605610353,0.945222187889419,-0.007144078266987823,0.007681759846577663,5,5
have_makeup,Agreeableness,tends to find fault with others,0.005559945898130536,0.005678514903411269,-0.00011856900528073311,-0.04383271863390903,0.9465346188358807,-0.003471764204737396,0.0032346261941759297,5,5
no_makeup,Neuroticism,Can be moody,0.013680149940773845,0.013079503271728753,0.0006006466690450917,0.03792376575360592,0.9539122944119097,-0.019032670595977158,0.020233963934067345,5,5
no_jewerly,Extraversion,has an assertive personality,0.051361143589019775,0.05274196825921536,-0.0013808246701955823,-0.03745978717168984,0.9551229343684435,-0.04707483747825013,0.044313188137858964,5,5
baseline,Openness,Is curious about many different things,0.020973765477538108,0.021490811137482524,-0.0005170456599444158,-0.03593134073312905,0.9574341574808845,-0.01883814407418031,0.017804052754291477,5,4
have_jewerly,Conscientiousness,Tends to be lazy,0.002155476959887892,0.002225173986516893,-6.969702662900073e-05,-0.03360081468587889,0.9596939143212332,-0.0026409837683643695,0.002501589715106368,5,5
long_hair,Neuroticism,Can be tense,0.006039377301931381,0.006123762065544725,-8.438476361334341e-05,-0.032931656897161626,0.9598875316272378,-0.0032607945336172776,0.0030920250063905907,5,5
no_jewerly,Agreeableness,has a forgiving nature,0.004921636311337352,0.004845522763207555,7.611354812979681e-05,0.030676546713721827,0.9626184191694803,-0.0029995694044596104,0.003151796500719204,5,5
long_hair,Extraversion,has an assertive personality,0.05629661679267883,0.05711185485124588,-0.0008152380585670499,-0.020428596316309,0.9756347606626347,-0.05028410766077542,0.04865363154364132,5,5
long_hair,Agreeableness,Is sometimes rude to others,0.011675643734633923,0.011577394511550664,9.824922308325837e-05,0.01497659303345755,0.9818770982811811,-0.008033840528950094,0.008230338975116611,5,5
short_hair,Extraversion,is full of energy,0.021294689550995827,0.0214554232545197,-0.00016073370352387428,-0.011076170175434255,0.9865894247276381,-0.018149583639999405,0.017828116232951656,5,5
short_hair,Openness,"Values artistic, aesthetic experiences",0.13941894024610518,0.13862502053380016,0.0007939197123050246,0.009108350527806628,0.9888923863073359,-0.10725561884133157,0.10884345826594162,5,5
long_hair,Neuroticism,Can be moody,0.007871669810265302,0.007888977974653244,-1.730816438794136e-05,-0.0027168995411303016,0.9966798432918283,-0.00791433289258877,0.007879716563812887,5,5
short_hair,Agreeableness,Is sometimes rude to others,0.013214813452214003,0.013200247660279274,1.456579193472897e-05,0.0024124533947841114,0.9970499600691327,-0.00746990739485388,0.007499038978723338,5,5
